	10-1_PopulationGrpSize	10-2_SocialGrpSize	13-1_AdultHeadBodyLen_mm	13-2_NeonateHeadBodyLen_mm	13-3_WeaningHeadBodyLen_mm	14-1_InterbirthInterval_d	15-1_LitterSize	16-1_LittersPerYear	16-2_LittersPerYear_EXT	17-1_MaxLongevity_m	18-1_BasalMetRate_mLO2hr	2-1_AgeatEyeOpening_d	21-1_PopulationDensity_n/km2	22-1_HomeRange_km2	22-2_HomeRange_Indiv_km2	23-1_SexualMaturityAge_d	24-1_TeatNumber	25-1_WeaningAge_d	26-1_GR_Area_km2	26-2_GR_MaxLat_dd	26-3_GR_MinLat_dd	26-4_GR_MidRangeLat_dd	26-5_GR_MaxLong_dd	26-6_GR_MinLong_dd	26-7_GR_MidRangeLong_dd	27-1_HuPopDen_Min_n/km2	27-2_HuPopDen_Mean_n/km2	27-3_HuPopDen_5p_n/km2	27-4_HuPopDen_Change	28-1_Precip_Mean_mm	28-2_Temp_Mean_01degC	3-1_AgeatFirstBirth_d	30-1_AET_Mean_mm	30-2_PET_Mean_mm	5-1_AdultBodyMass_g	5-2_BasalMetRateMass_g	5-3_NeonateBodyMass_g	5-4_WeaningBodyMass_g	5-7_WeaningBodyMass_g_EXT	7-1_DispersalAge_d	8-1_AdultForearmLen_mm	9-1_GestationLen_d
Tapirus_indicus	1.00	1.50	2224.85			657.00	1.00	0.50		360.00			0.11	9.40	8.70	1132.72		211.71	794777.96	16.54	-5.94	5.30	107.22	97.65	102.44	3	133.99	13.00	0.12	209.67	256.00		1522.16	1761.46	311209.19		6848.35					396.50
Gazella_subgutturosa		5.50	957.35				1.39			240.00			0.64			413.84	4	116.41	8787218.98	49.21	14.92	32.06	117.89	33.79	75.84	0	25.76	0.00	0.09	17.20	122.65		208.39	923.51	26981.37		2317.85					159.68
Mazama_temama																			586111.82	19.88	-0.82	9.53	-76.10	-94.98	-85.54	2	51.90	3.00	0.15	193.45	240.82		1363.79	1649.84								
Sus_celebensis							3.24										12		173576.36	1.75	-6.49	-2.37	125.29	118.75	122.02	17	94.75	17.00	0.08	229.41	215.47		1812.60	1909.15	53813.21							126.00
Babyrousa_babyrussa		4.50	950.00				1.73	1.50		288.00						362.50	4	212.91	13309.70	-1.62	-3.84	-2.73	127.26	124.33	125.80	5	12.93	5.00	0.01	281.24	223.00				92950.09		715.00					156.50
Tragelaphus_angasii		15.50	1935.86			297.00	1.00		1.22	192.00			126.94	1.63		645.51		212.91	274074.58	-15.60	-28.48	-22.04	35.21	29.07	32.14	1	18.74	2.00	0.21	65.29	229.85	695.78	860.67	1417.11	87616.76		5541.58					219.99
Mazama_americana		1.00					1.22			165.60			9.30						12346897.93	12.46	-32.18	-9.86	-34.79	-78.03	-56.41	0	23.26	0.00	0.11	149.07	240.37		1294.79	1520.03	20546.86							225.00
Muntiacus_reevesi						215.25	0.98		1.43				0.67	0.12	0.11	295.12			1767640.73	34.11	20.22	27.17	122.13	104.67	113.40	41	356.66	94.00	0.06	109.52	157.10		1016.93	1071.65	13499.94		1050.00					214.24
Sus_salvanius		5.00	599.66				3.66			144.00				0.15			9		25728.78	27.06	26.33	26.70	93.44	87.93	90.69	37	339.50	44.00	0.09	162.48	203.49		1037.05	1239.08	7974.13							110.50
Blastocerus_dichotomus		3.00	1720.00				0.98	1.00					0.12						2004539.09	-3.88	-35.10	-19.49	-46.54	-69.28	-57.91	0	11.65	0.00	0.13	121.57	233.21		1195.43	1404.04	112518.53		4199.99					272.37
Hexaprotodon_liberiensis		1.25	1600.00				1.00	1.00		525.60				0.72		1510.30		211.71	35806.59	12.29	4.27	8.28	7.33	-15.59	-4.13	3	86.62	5.00	0.11	213.58	251.56		1315.05	1605.32	235001.16		5730.00					200.00
Axis_porcinus		1.80					1.00			240.00			16.50	0.52		464.04			2017514.05	32.58	8.55	20.57	107.57	67.83	87.70	0	144.43	6.00	0.09	136.98	213.51		979.62	1418.55	37448.29		2483.33					220.13
Potamochoerus_porcus	28.50	10.56	1369.30			365.00	3.00		1.10	240.00			0.23			1113.70	6		5033216.84	13.53	-8.10	2.71	36.11	-16.82	9.64	0	36.82	1.00	0.11	139.70	248.51		1249.23	1567.17	70000.31		750.00					120.00
Nanger_granti	40.00		1529.99				1.00			152.04			3.92			249.81			963156.39	8.32	-7.75	0.28	42.35	33.54	37.94	1	40.52	1.00	0.12	58.07	231.78		853.79	1545.15	55464.46		5215.17					191.21
Rupicapra_rupicapra		1.00				365.00	1.00		1.10	264.00				2.65	2.49	642.64	4	76.04	742756.93	51.33	35.66	43.50	47.08	5.29	26.19	11	105.31	28.00	0.02	60.73	70.03	1368.75	530.64	695.91	33266.35		2250.00					178.32
Cephalophus_jentinki			1349.99				1.00			210.00			0.10				4		130952.07	9.22	4.35	6.79	-4.91	-13.20	-9.05	4	55.44	8.00	0.06	210.72	251.50		1345.35	1553.43	68489.54		4581.46					
Tayassu_pecari	102.50		1110.00	368.99			2.00			252.00			1.59	40.97	10.68	684.67	4	13.64	13839052.97	21.60	-33.06	-5.72	-34.79	-95.70	-65.24	0	25.33	0.00	0.11	145.87	236.83		1273.63	1510.12	31798.71		1000.00				119.00	158.00
Oryx_gazella		20.00	1615.00				1.00			240.00			9.88			841.82	4		4613581.92	18.29	-34.83	-8.27	51.11	11.71	31.41	0	23.25	0.00	0.09	40.73	208.33	866.87	584.24	1429.69	188404.45		12055.49					273.75
Kobus_kob	185.00	40.00	1700.00				1.00			263.04			2.60	99.57		465.57	4	188.64	3179796.65	14.70	-2.34	6.17	35.80	-16.79	9.50	0	39.37	1.00	0.10	106.52	258.11	395.41	1026.71	1611.87	80035.21		5376.23					254.76
Connochaetes_gnou		26.75	1821.79				1.00			240.00			34.62	0.95		965.63	2	111.57	132200.71	-26.92	-30.73	-28.83	29.61	24.14	26.87	2	21.86	2.00	0.11	47.98	154.29	912.50	637.43	1148.16	156547.53		10941.45					256.76
Eudorcas_rufina																																			39999.99							
Bubalus_quarlesi		1.00	1577.97				1.00	1.00		270.00						755.15			56312.24	0.79	-5.45	-2.33	123.60	119.41	121.51	17	62.95	17.00	0.08	228.75	205.08		1813.15	1903.28	181718.86							294.99
Tragulus_nigricans																			11882.48	11.42	7.80	9.61	119.71	116.93	118.32	22	44.59	23.50	0.21	224.00	249.78											
Kobus_leche		20.00					1.00			222.96			31.00			925.38	4	133.45	229752.09	-8.41	-20.04	-14.22	32.05	17.16	24.61	1	8.87	1.00	0.22	84.65	215.94	638.75	780.79	1439.21	88645.04		5100.00					229.80
Muntiacus_vuquangensis																			55431.64	18.54	13.43	15.99	107.71	104.22	105.96	3	34.31	4.00	0.13	217.86	228.32		1241.00	1524.63	36690.82							
Lama_glama	8.00		1595.10				1.00	1.00		339.60			0.45			676.66		131.70																	78322.67		8999.99	29000.00				342.74
Muntiacus_atherodes			994.99																108466.54	4.19	-1.86	1.16	117.33	115.15	116.24	3	16.81	4.00	0.27	255.41	236.32		1671.15	1676.97	18939.10							
Equus_burchellii	5.10					385.00	1.00		1.07	480.00			7.00	127.99	120.07	709.82		294.11	4696974.13	6.91	-29.10	-11.09	40.73	11.73	26.23	0	34.32	1.00	0.16	75.72	221.51	1277.50	871.81	1491.98	279160.65		32274.54	165361.14				371.20
Alcelaphus_caama										183.96			3.18				2		873624.18	-16.05	-27.32	-21.68	27.42	14.27	20.84	0	2.48	0.00	0.09	32.47	207.43		443.83	1433.22	176115.97							
Raphicerus_campestris		2.00	824.99			219.00	0.98		1.42	168.00	3696.00		1.27	0.43	0.45	233.81	4	49.89	4930075.62	1.61	-34.83	-16.61	41.77	11.71	26.74	0	24.64	0.00	0.14	52.18	198.60		656.54	1367.87	11661.53	9600.00	916.51					210.00
Rusa_timorensis			1634.99			366.00	1.00		1.09							666.44		227.47	132249.02	-5.87	-8.84	-7.36	115.71	105.20	110.46	270	804.20	305.00	0.04	196.77	244.60		1370.42	1640.76	66375.50							250.29
Pudu_mephistophiles							1.00			120.00									244304.21	5.09	-12.56	-3.73	-73.55	-79.28	-76.41	2	30.31	2.00	0.13	151.56	201.98		1326.56	1463.47	9599.96		400.00					
Bubalus_bubalis			2649.52			547.50	1.50	1.00		339.00			1.06	3.63		755.15		240.31	978657.33	27.44	14.51	20.98	100.00	84.68	92.34	2	254.70	10.00	0.08	154.04	223.58		1028.93	1394.47	929500.97					912.49		320.00
Damaliscus_pygargus						365.00	1.41		1.10	260.04			24.56			620.76	2	121.66	370656.19	-24.59	-34.41	-29.50	30.66	19.82	25.24	2	39.93	3.00	0.10	49.54	156.83	1003.75	674.58	1180.21	77784.55		6873.81	21189.56				240.54
Gazella_spekei		14.25	885.00			206.50	1.00		1.46	152.04						403.21			170828.32	10.91	2.02	6.47	51.41	44.00	47.71	1	11.38	3.00	0.04	13.51	248.39		203.01	1795.45	20000.00		1250.00					178.59
Equus_asinus							1.00			564.00			3.06	139.69		742.46																866.87			164998.49		29249.99	32500.00				367.00
Ovis_ammon			1585.00			365.00	1.22		1.10	180.96			0.02	4.59	4.30	555.47		76.61	10939816.94	55.79	26.55	41.17	125.74	29.01	77.38	0	21.78	0.00	0.08	24.35	43.53		267.71	788.44	113998.72		3232.64					165.00
Madoqua_guentheri		6.25	612.07				0.98			168.00			14.01	0.03	0.05	138.60	4	74.25	1526489.41	11.23	-2.54	4.34	50.52	31.43	40.98	1	21.74	1.00	0.08	41.43	237.91		618.60	1634.43	4623.70		684.00			327.33		175.00
Boselaphus_tragocamelus			2000.00			400.50	1.39		1.05	260.40			2.39						2192564.81	33.00	11.71	22.35	87.08	68.93	78.00	2	313.30	76.50	0.09	86.66	247.40	912.50	750.64	1450.38	182253.04		5875.00					248.49
Capreolus_capreolus						365.00	1.79		1.10	204.00	78470.00		7.61	0.52	0.49	400.97		79.75	6777177.58	67.62	34.89	51.25	54.05	-8.46	22.79	0	101.77	4.00	0.01	55.04	73.59	730.00	450.28	610.10	22502.01	190000.00	1208.55					196.00
Pecari_tajacu	11.65	20.00	889.34			155.00	1.56	2.00		296.40			7.92	1.37	1.82	315.68	8	47.25	15771441.38	35.07	-34.78	0.14	-34.79	-114.45	-74.62	0	26.93	0.00	0.11	134.44	231.20	350.00	1201.00	1476.93	21133.69		618.53	4773.44			95.59	144.88
Sus_ahoenobarbus																			108626.43	12.33	5.04	8.68	126.60	116.93	121.76	22	128.88	28.00	0.14	177.32	238.06		1567.81	1734.24								
Cephalophus_dorsalis		1.00	849.99				1.00			204.96				0.27	0.26	547.46	4		2874503.05	9.35	-7.06	1.14	30.66	-13.29	8.68	0	34.08	1.00	0.12	151.81	244.44	760.41	1371.07	1558.56	20000.00		1611.37					238.00
Gazella_cuvieri																			1047003.29	37.09	23.78	30.43	10.11	-15.82	-2.85	0	50.98	0.00	0.16	19.80	177.16		266.43	1174.07								
Madoqua_piacentinii							1.00			168.00						251.71			30486.05	6.06	2.20	4.13	48.96	45.62	47.29	4	18.05	4.00	0.05	18.05	264.91		339.62	1993.88	2500.00					327.33		
Nanger_soemmerringii			1360.00				1.00			186.00			5.47			413.84			1089492.28	18.79	0.83	9.81	51.14	33.73	42.44	1	23.84	3.00	0.09	33.87	247.71	802.23	467.55	1672.35	41582.93							192.53
Odocoileus_hemionus			1516.50			365.00	1.61		1.10	264.00			16.00	2.01	2.85	527.12		73.49	6310738.18	62.28	21.27	41.77	-96.52	-149.44	-122.98	0	14.38	0.00	0.07	38.76	67.61	547.50	389.11	755.20	84560.57		3007.49	23900.00				203.49
Elaphodus_cephalophus							1.00									631.37			1959738.34	33.65	22.11	27.88	122.13	96.23	109.18	1	202.34	3.00	0.06	122.62	116.97		947.47	1051.06	23087.87							181.24
Alcelaphus_lichtensteinii		10.00				365.00	0.98		1.10				1.71	4.41		596.29			2264335.80	-1.36	-21.89	-11.63	39.41	19.07	29.24	1	21.99	2.00	0.20	91.49	222.42	730.00	908.73	1494.78	168695.66		15000.00					237.00
Hyemoschus_aquaticus		1.00	750.00				1.22	1.00		168.00			15.85	0.20	0.19	314.64		136.87	2571576.30	8.56	-6.35	1.10	31.51	-13.19	9.15	0	39.67	1.00	0.11	155.16	243.43		1393.52	1563.37	10850.00							173.52
Madoqua_kirkii		2.50	654.27			182.50	0.98		1.56	198.00	2145.00		19.00			233.47	4	42.58	1734714.03	11.03	-24.20	-6.58	50.58	11.71	31.14	0	27.97	1.00	0.11	45.69	222.42	501.87	617.04	1577.87	4833.40	4290.00	625.82	1633.49		338.82		171.49
Tragelaphus_strepsiceros		12.00	2199.99			365.00	1.00		1.10	276.00			1.06	835.10	783.47	665.38		182.50	6476879.55	20.14	-34.05	-6.95	47.94	12.44	30.19	0	24.17	1.00	0.14	61.83	215.34	912.50	732.24	1469.28	206056.41		15366.57					220.94
Capricornis_rubidus																			21552.31	27.94	25.43	26.69	98.56	97.49	98.02	1	10.82	1.00	0.05	181.29	115.03		1176.56	1266.67								
Bos_frontalis		40.00	2700.00			403.02	1.22	1.00		314.40			0.54			610.97		186.67	2294331.63	28.01	2.86	15.43	108.68	73.55	91.12	1	152.67	8.00	0.09	145.21	229.71		1053.45	1483.02	800143.05		22977.05					273.75
Hemitragus_jayakari			1075.00				1.00			168.00							3		16233.68	26.15	22.42	24.28	59.29	56.23	57.76	4	40.38	4.50	0.19	6.05	220.21		148.74	1351.58	22210.18							164.31
Rupicapra_pyrenaica																			13561.93	43.21	41.60	42.41	14.22	-6.73	3.74	7	37.31	7.00	5.88205697443069e-03	69.46	85.04		600.94	810.58	29999.99							
Rhinoceros_sondaicus	1.00		3099.99				1.00			480.00			0.10					509.21	50679.79	12.37	-7.41	2.47	109.28	105.20	107.24	19	477.13	22.00	0.12	167.05	244.58		1230.73	1522.52	1750000.00							486.66
Capricornis_crispus						547.50	1.00	1.00		222.96			1.98	0.11	0.11	988.23	4	59.27	113318.46	41.54	31.96	36.75	142.07	130.84	136.45	74	346.20	93.00	0.01	144.41	93.81		783.90	836.41	43030.64		3499.99			1603.59		213.00
Tragelaphus_scriptus		1.00	1247.10			235.72	1.00		1.37	156.00			1.52	0.02	0.02	431.61			13167565.73	16.11	-34.83	-9.36	45.58	-17.53	14.02	0	41.29	1.00	0.13	94.18	237.61	644.15	934.54	1541.54	43250.39		3027.79					182.50
Tapirus_terrestris		1.00	2004.97				1.00			420.00			0.85			862.17	2	277.49	13663839.27	12.46	-30.80	-9.17	-34.79	-78.86	-56.82	0	23.24	0.00	0.11	145.25	233.30		1265.75	1501.80	169496.64		4507.91					395.41
Rhinoceros_unicornis	1.75	1.00	3743.39	1092.50	2303.61	909.45	1.41		0.69	588.00			3.33	4.23	5.99	2069.22		339.47	24776.82	28.79	25.99	27.39	93.72	80.49	87.10	80	281.67	113.00	0.13	171.98	235.99	2618.87	1007.43	1242.82	1843655.80		61326.59		95555.90	1300.53		478.99
Potamochoerus_larvatus	7.20	8.00					2.73						0.40	4.47					5892226.64	13.69	-34.44	-10.37	46.08	13.07	29.57	0	40.24	2.00	0.15	86.44	220.05		946.90	1502.66	69063.79							121.73
Gazella_dorcas		6.75	965.68	499.99		337.85	1.22		1.14	209.04			2.30	15.52		620.76		61.35	10374953.94	37.34	9.86	23.60	49.71	-17.10	16.30	0	18.55	0.00	0.09	8.05	239.42	836.45	132.39	1299.98	15635.95		1573.21	4001.14				172.00
Bison_bison	1000.00	30.00	2849.24			399.00	0.98	1.00		396.00			0.28	47.39	65.71	921.77		287.32	10388.04	44.97	43.65	44.31	-109.99	-111.12	-110.56	0	0.70	0.00	0.08	33.59	-5.35	1095.00	409.79	742.48	624577.07		20000.00	157500.00				283.17
Mazama_gouazoubira		1.00	918.25				1.00			144.00			9.21			719.06			12556119.02	11.66	-33.47	-10.90	-34.79	-79.14	-56.96	0	22.64	0.00	0.11	147.65	238.57		1281.02	1512.17	16633.17		834.46					219.86
Kobus_ellipsiprymnus		12.00				365.00	1.00		1.10	239.04	26700.00		2.46	1.28		1426.44	4	212.91	10067123.88	16.11	-29.06	-6.47	45.62	-16.79	14.41	0	34.77	1.00	0.13	92.00	237.74		934.80	1546.75	204393.48	100000.00	12000.00					270.00
Equus_caballus						547.50	1.00	1.00		744.00		0.00		15.62	16.32	834.72	2	341.76														912.50			403598.53		37899.99			742.31		338.97
Alces_americanus			2097.16				1.00			300.00						631.37		182.50																	541460.44		13499.99					245.00
Taurotragus_oryx	500.00	4.05	2656.78			337.00	1.00		1.14	300.00	36000.00		1.64	195.15	38.36	672.49		128.68	5405307.84	7.22	-27.42	-10.10	41.67	12.47	27.07	0	24.95	1.00	0.16	76.46	221.37	958.12	832.14	1485.68	562592.69	150000.00	30889.05	96495.55				271.00
Rucervus_duvaucelii	401.00	64.25	1500.00				1.00						11.24	14.11	20.00	827.69			255737.11	29.44	22.08	25.76	93.68	77.22	85.45	13	428.69	103.00	0.11	101.07	245.48	1095.00	790.72	1335.79	171223.86							245.00
Mazama_nana																			713883.95	-20.15	-29.45	-24.80	-42.26	-55.46	-48.86	1	48.64	7.00	0.07	131.73	196.52		1203.29	1280.36	16499.85							
Eudorcas_rufifrons			885.00				1.00			162.00			1.56						3084371.64	18.90	8.70	13.80	39.00	-17.53	10.73	0	32.64	1.00	0.10	47.70	271.83		545.87	1624.71	26999.77							174.73
Vicugna_vicugna			1575.00			547.50	1.00	1.00		297.60			3.10	0.12	0.13	941.19		309.89	817999.23	-7.13	-31.87	-19.50	-65.41	-77.97	-71.69	0	10.74	0.00	0.06	60.49	38.23	1140.62	570.13	1282.79	47499.61		6082.92					345.45
Muntiacus_truongsonensis																			10016.59	16.51	15.03	15.77	107.65	106.86	107.26	7	63.78	7.00	0.14	256.48	212.70		1410.97	1656.22								
Tragelaphus_spekii		6.00	1520.84			352.83	1.00		1.12	258.00			1.66			619.06			5256068.76	14.37	-20.93	-3.27	35.23	-16.82	9.20	0	30.39	1.00	0.14	124.21	236.28	608.33	1157.01	1543.12	75554.25		4000.00					241.15
Moschus_berezovskii			899.99				1.20	1.00						0.13				47.14	2263301.83	35.95	21.75	28.85	117.46	91.40	104.43	1	191.03	3.00	0.06	108.26	113.84		893.09	1006.61	12477.41		529.50					184.24
Rucervus_schomburgki																																			107626.42							
Mazama_bricenii																			83134.92	10.48	1.88	6.18	-69.31	-75.83	-72.57	2	74.21	6.00	0.09	106.98	193.15		1412.72	1582.86	16499.85							
Redunca_redunca			1150.00				1.00			216.00			1.03				4		6462304.59	16.27	-11.83	2.21	41.29	-17.40	11.94	0	45.47	1.00	0.12	91.58	247.37		937.91	1597.01	43288.95							228.12
Gazella_leptoceros			1032.67				1.00			168.00									2188576.06	34.30	15.34	24.82	30.94	-8.69	11.12	0	6.52	0.00	0.15	3.93	244.58	319.37	94.23	1253.26	24645.75		4615.30					167.29
Hippopotamus_amphibius	585.00					696.54	1.00	1.00		654.00			4.86			2030.00		319.01	1849389.21	13.59	-27.33	-6.86	42.88	-15.16	13.85	0	35.86	1.00	0.13	91.23	233.56	1460.00	931.33	1522.22	1536310.40		40199.99	206389.44				235.37
Sus_barbatus		6.25	1349.99				6.59	1.00								362.50	12	105.85	970249.80	7.03	-5.94	0.54	119.26	96.84	108.05	1	54.83	4.00	0.16	243.91	247.00		1673.32	1729.20	135805.95							114.63
Hydropotes_inermis							3.00			144.00						292.63			1140413.15	34.93	22.89	28.91	122.13	106.81	114.47	63	373.91	109.00	0.06	112.88	159.82		1031.61	1072.99	12760.04		1016.19					175.49
Hippotragus_equinus		12.00	1150.00			317.00	0.98		1.18	240.00			0.96			841.82	4	119.27	8018853.26	16.13	-25.30	-4.58	38.45	-17.53	10.45	0	30.36	1.00	0.13	89.35	240.77	1049.37	884.32	1551.46	264173.96		16412.18					278.23
Oryx_leucoryx	19.50	5.00					1.00			240.00								58.46																	75788.24							239.99
Antidorcas_marsupialis	3000.00		1055.00			365.00	1.00		1.10	240.00			10.69			331.73		57.45	1066805.09	-12.52	-28.97	-20.74	27.61	11.71	19.66	0	2.06	0.00	0.10	24.00	190.15		377.23	1328.86	33571.24		3841.48					169.49
Sus_philippensis		3.75	1349.99				6.24	1.00								283.18	12	105.85	237934.97	18.65	5.55	12.10	126.60	119.74	123.17	19	225.88	33.00	0.10	208.67	240.84		1470.06	1728.00	190792.30							125.14
Tragulus_napu			562.36			152.08	0.96	1.00		195.96						156.25	4	84.86	1593229.34	14.30	-5.94	4.18	119.26	95.18	107.22	1	91.44	4.00	0.14	233.98	250.86	250.93	1615.97	1742.06	5273.67		372.99					154.24
Gazella_gazella		7.20	1012.85			228.12	1.22		1.39	219.00		0.00	0.40	1.46	1.37	485.11		86.17	1151478.67	34.39	12.59	23.49	59.83	34.37	47.10	0	48.74	0.00	0.19	11.17	226.59	547.50	180.30	1399.50	21306.83		2124.99			182.50		180.00
Elaphurus_davidianus						359.50	1.22		1.10	279.60								155.59																	165989.17		10467.50					286.49
Ovis_aries		35.00	1297.23			365.00	1.19		1.10	230.04						831.62		182.50														730.00			39097.89		2376.24	17500.00				152.54
Ovis_dalli		9.50	1415.02			365.00	1.22		1.10	192.00				10.15	14.38	748.37	2	121.66	1014237.16	69.14	52.03	60.59	-118.87	-164.06	-141.47	0	0.52	0.00	0.08	41.26	-74.27	730.00	241.32	274.00	70194.13		3499.99					172.49
Dama_dama		10.50		621.14		365.00	1.00		1.10	300.00			21.99	0.71	0.61	543.28		177.63	3081759.24	60.52	36.01	48.26	34.67	-10.47	12.09	1	128.41	15.00	0.01	58.52	79.91	1095.00	475.08	576.21	57224.61		4698.44	16720.38		319.37		230.00
Tragelaphus_imberbis		3.00	1675.00			258.54	1.00		1.31	227.00			0.35			666.44			1907499.42	16.88	-9.03	3.92	48.87	32.08	40.48	0	26.55	2.00	0.11	50.25	236.53	1115.07	695.54	1584.80	94320.39		5891.21					222.00
Alces_alces		1.00	2930.47			365.00	1.25	1.70		324.00			0.40	71.75	73.26	668.20	4	98.85														1216.66			461900.76		12999.99	86299.96				235.00
Ovibos_moschatus		12.50				547.50	1.01		0.89	288.00			0.31			1262.74	4	254.48	1615605.88	83.62	59.74	71.68	-12.49	-168.12	-90.31	0	7.05629774431538e-03	0.00	0.08	15.78	-156.38	1277.50	100.96	125.09	312500.00		10444.11	62467.44				256.26
Antilocapra_americana	1000.00	12.00	1310.00			365.00	1.93	1.00		144.00	8960.00		0.82	8.05	9.53	534.68		87.54	2009745.94	51.37	23.04	37.21	-95.02	-121.25	-108.14	0	6.77	0.00	0.05	29.88	90.76	365.00	435.07	870.35	47450.01	32000.00	3454.70	9662.00				247.99
Ammodorcas_clarkei			1509.96				1.00			36.00			0.73				4		287056.65	9.57	2.79	6.18	50.02	43.14	46.58	1	10.04	4.00	0.09	17.16	257.53		305.08	1776.29	28049.81							200.00
Tapirus_bairdii		1.00	2199.99				1.00						0.34	1.15	0.94	710.47		362.93	188831.76	20.56	-1.55	9.50	-76.37	-94.62	-85.49	2	43.25	4.00	0.15	166.98	235.49		1357.27	1618.64	293781.59			171864.36				396.24
Equus_zebra	4.00	13.00	2350.00	1000.00		653.95	1.00	0.35		288.00			1.32	7.40	6.88	963.17		181.46	143855.82	-16.50	-34.66	-25.58	26.79	12.23	19.51	0	4.38	0.00	0.09	19.95	144.42	1633.37	352.93	1135.61	282462.13		29496.68	117097.78		655.29		363.49
Camelus_dromedarius	11.00	10.00				614.41	0.98	1.00		480.00	40293.00		0.98	196.32		1947.94		389.38														1651.62			492714.47	407000.00	36751.19					386.51
Cephalophus_adersi	1.50		690.00				1.00			48.96			3.65				4		3824.30	-3.09	-6.47	-4.78	40.13	39.18	39.65	39	187.17	39.00	0.19	71.50	256.50		1011.99	1963.94	9249.95							120.00
Muntiacus_feae							1.22												14346.43	16.39	13.64	15.02	98.87	97.86	98.37	5	57.19	5.00	0.05	393.21	245.37		1107.53	1687.57	21999.99							195.57
Ceratotherium_simum	3.75		2586.81			967.25	1.00		0.67	600.00			0.47	19.09	19.00	2741.23		365.00	3184467.13	9.74	-29.91	-10.08	39.53	12.96	26.25	0	18.23	0.00	0.11	60.61	216.38	2463.75	729.59	1458.59	2285939.43		48500.00	274482.35		902.99		534.19
Ourebia_ourebi		2.00	1160.00			182.50	0.98		1.56	189.96			2.43			372.09	4	136.87	8258056.75	16.53	-33.77	-8.62	45.53	-15.07	15.23	0	35.71	1.00	0.13	87.92	237.62	674.33	899.50	1552.27	17186.09		2196.14					210.50
Cephalophus_zebra			874.99				1.00			146.04							4	13.64	171546.51	8.55	4.35	6.45	-5.50	-11.79	-8.64	3	37.94	5.00	0.03	214.55	247.86		1342.39	1540.94	15654.75		1704.99					223.89
Cephalophus_nigrifrons			944.21							236.40			2.00				4		2766201.07	5.12	-9.85	-2.36	37.79	8.69	23.24	0	27.94	1.00	0.13	140.38	238.38		1348.71	1548.31	14676.33							
Cephalophus_spadix			1174.48							65.04							4		36583.37	-2.60	-9.48	-6.04	38.83	33.33	36.08	8	49.38	11.00	0.16	77.30	222.71		950.45	1534.15	56857.02							
Philantomba_monticola		1.90	692.30			265.00	0.98		1.29	144.00	1806.00		35.98			351.59	4	27.28	6552145.69	9.54	-34.44	-12.45	40.52	5.92	23.22	0	33.48	1.00	0.15	118.15	229.51	577.91	1145.04	1523.17	4896.05	4200.00	709.41					205.00
Pudu_puda	1.00						1.22			150.00				0.17	0.15	229.14		54.75	223036.92	-34.84	-52.55	-43.69	-70.94	-74.30	-72.62	0	11.99	0.00	0.05	109.54	60.55		567.07	719.68	9642.62		780.00	2863.20				210.00
Rusa_alfredi																			24504.78	11.94	9.03	10.48	123.56	121.84	122.70	118	291.84	130.00	0.07	160.44	253.32		1479.27	1759.33	46475.04							243.33
Rucervus_eldii			1650.00			382.70	1.01		1.07	232.80						531.64		220.26	119941.73	25.34	12.38	18.86	109.95	93.14	101.55	4	64.11	5.00	0.10	157.98	243.09	958.12	1139.95	1618.09	95471.61		4674.98					240.19
Eudorcas_thomsonii			885.00			193.90	1.00		1.51	182.04			12.53			418.38		93.25	515821.13	9.45	-5.61	1.91	38.38	30.41	34.40	0	50.73	3.00	0.15	72.57	227.28	552.51	947.32	1556.92	22907.43		2500.00					166.14
Capricornis_milneedwardsii																			2334828.77	35.55	7.68	21.61	122.13	93.18	107.66	1	159.63	4.00	0.07	131.68	145.73		983.38	1183.97								
Phacochoerus_aethiopicus		2.00				365.00	3.20	1.50		225.60			7.61	1.35	1.27	631.12		106.45	851932.22	11.49	-2.05	4.71	46.38	34.47	40.42	1	17.34	1.00	0.09	42.02	240.33	730.00	628.28	1636.16	75607.52		691.95					165.40
Okapia_johnstoni		1.00	2000.00				0.98	1.00		396.00			1.02	4.63	6.00	947.05	4	181.46	1105797.06	5.13	-8.28	-1.57	30.73	18.12	24.43	1	19.42	2.00	0.14	143.90	240.38		1428.28	1604.05	230001.14		18325.61					442.99
Przewalskium_albirostris							1.00			216.00									1061382.86	39.57	27.88	33.72	103.96	91.70	97.83	0	12.83	0.00	0.04	80.94	-33.28		445.65	803.84	161681.90							263.41
Capra_walie							1.00						4.07						4294.50	13.63	13.07	13.35	38.75	37.94	38.34	30	63.17	30.00	0.16	81.20	206.38		764.20	1590.35	100144.02							157.50
Alcelaphus_buselaphus		20.00	1974.99			345.50	1.00		1.13	240.00			3.65	2.73	1.59	827.69	2	188.73	4706770.40	17.65	-6.03	5.81	45.78	-15.68	15.05	0	35.08	1.00	0.12	93.92	247.10	927.70	957.29	1598.47	160937.86		12500.00	47894.46				242.66
Muntiacus_putaoensis																			42695.33	27.89	25.55	26.72	98.61	95.97	97.29	1	7.79	1.00	0.05	194.24	142.94		1188.00	1274.60								
Mazama_rufina							1.22												14703.63	0.79	-1.67	-0.43	-77.46	-78.65	-78.05	4	61.14	4.00	0.11	176.24	132.58		1355.00	1399.66	21099.25							231.64
Nanger_dama	12.50	1.00	1462.78			182.50	1.00		1.56	207.96			0.18			109.36			1593778.59	28.23	12.21	20.22	33.87	-9.02	12.42	0	5.49	0.00	0.05	14.97	271.89		263.81	1507.48	71424.81							194.93
Cephalophus_weynsi										183.00									1692834.41	5.14	-6.81	-0.83	37.26	16.17	26.72	0	42.21	3.00	0.16	134.53	234.61		1411.19	1589.32								
Muntiacus_gongshanensis																			170.54	29.65	27.52	28.59	98.85	96.25	97.55	2	8.56	2.00	0.03	188.44	-21.62		870.87	1006.82	18590.01							
Rusa_marianna			1255.00																220497.90	18.65	5.55	12.10	126.60	116.93	121.76	19	222.54	32.00	0.10	206.29	239.59		1469.48	1725.15	49457.61							
Hemitragus_hylocrius			1385.00			237.25	1.41		1.36	207.00							3	27.28	2109.89	11.46	8.44	9.95	77.57	76.42	76.99	233	486.13	233.00	0.05	146.23	259.75	669.16	1139.48	1559.51	74186.41							186.35
Addax_nasomaculatus	61.25	12.62				360.00	1.00		1.10	308.04							4		1168708.88	26.45	14.60	20.52	32.63	-16.77	7.93	0	1.49	0.00	0.08	5.51	264.48	1066.86	130.78	1382.39	96077.36		5633.76					262.74
Procapra_gutturosa			1243.28			365.00	1.41		1.10	84.00						893.06		38.97	322170.90	49.45	42.09	45.77	117.77	91.47	104.62	0	1.55	1.00	0.03	23.87	6.27		281.70	520.80	28274.27		2900.00					189.94
Equus_quagga										240.00																									400000.00							
Cephalophus_rufilatus		1.00	650.00				1.00			114.00			3.18				4	85.59	3098970.49	16.10	2.73	9.41	31.61	-17.53	7.03	0	46.79	1.00	0.11	108.89	259.92	794.63	973.28	1601.70	12114.57		975.10					233.99
Taurotragus_derbianus	50.00		2522.02							194.04			0.74			755.15			937936.53	14.03	3.48	8.76	31.51	-14.48	8.51	0	9.11	0.00	0.06	109.60	255.49		1024.39	1636.81	646024.25							
Sus_scrofa		13.00	1349.99	239.99	419.99	230.00	4.52	1.50		252.00			3.54	1.18	5.80	350.76	11	97.88	25951693.02	59.99	-8.78	25.60	138.36	-9.89	64.23	0	145.57	1.00	0.06	64.68	116.91	312.00	567.82	964.89	84471.54		807.77	6469.99				115.20
Axis_calamianensis			1387.44				2.00												1345.40	12.33	11.66	11.99	120.34	119.84	120.09	29	36.99	29.00	0.21						39812.60							224.00
Capricornis_swinhoei																			11915.86	25.01	22.13	23.57	121.72	120.56	121.14	70	595.77	70.00	0.03	165.28	148.86											
Gazella_arabica			1000.00				1.50			135.96									17363.03	14.41	13.05	13.73	45.72	43.57	44.65	32	137.77	32.00	0.29	4.53	166.59		137.32	1739.51	24124.67							
Sus_bucculentus																			2834.16	18.64	17.70	18.17	105.41	104.78	105.09	9	92.29	9.00	0.11	150.27	202.74		1091.86	1386.11								
Gazella_erlangeri																			153353.23	17.38	12.59	14.99	46.73	42.59	44.66	1	80.01	3.00	0.24	9.51	195.19		268.57	1592.18								
Tetracerus_quadricornis			1000.00			316.00	1.65		1.18	129.96									1865786.32	31.53	13.04	22.28	87.11	70.50	78.80	7	286.57	62.00	0.10	78.16	251.34	365.00	688.88	1414.33	19282.12		1040.00					207.31
Sus_verrucosus		5.00	1250.00				5.47			168.00							12		97964.63	-5.72	-8.78	-7.25	114.60	106.05	110.32	270	777.30	407.00	0.04	190.85	242.83		1361.71	1641.83	89406.23							121.66
Oryx_dammah	30.00	30.00	1910.00				1.00			245.04							4		214297.23	18.51	13.98	16.24	21.38	9.17	15.28	0	1.79	0.00	0.07	15.15	281.02	1001.31	224.55	1591.57	199798.95		9706.02					248.00
Raphicerus_sharpei		1.50	679.99				1.00			168.00			0.51				4		2548307.11	-3.42	-27.16	-15.29	40.84	22.67	31.75	1	25.40	2.00	0.16	78.96	221.75		845.74	1477.87	9396.90							212.91
Tragelaphus_eurycerus		13.50	2274.99				1.00			233.00			0.40			887.46			2564432.61	10.00	-5.83	2.08	37.81	-12.64	12.58	0	30.97	1.00	0.11	143.55	243.77		1379.01	1585.05	270998.37		19944.92					284.99
Axis_kuhlii			1375.00				1.22	1.30					4.44						197.86	-5.72	-5.86	-5.79	112.73	112.56	112.64	625	625.00	625.00	0.01						54999.99							227.49
Cephalophus_silvicultor		1.00	1324.76			306.00	1.00		1.20	207.96			0.50				4	34.90	6018051.89	13.58	-17.38	-1.89	37.39	-16.79	10.29	0	36.82	1.00	0.13	132.70	240.01		1197.42	1541.12	62006.60		4400.72					234.43
Moschus_moschiferus	1.00	1.00	899.99				1.74	1.00						0.13	0.45	486.66		47.14	8554234.60	72.50	34.28	53.39	166.34	83.41	124.87	0	20.86	0.00	-0.02	31.16	-83.78		317.71	367.73	13315.57		498.39					175.92
Moschiola_meminna			540.00				1.50						2.74						1572492.46	24.02	5.91	14.97	87.96	72.61	80.28	22	324.33	90.00	0.08	100.68	258.76		830.56	1542.27	3130.95		319.00					153.53
Ovis_nivicola							1.00									841.82			1645753.65	70.76	51.56	61.16	179.99	-179.99	-2.84268e-04	0	0.35	0.00	-0.31	25.79	-132.94		192.37	239.61	90000.00							
Hylochoerus_meinertzhageni		10.00	2028.75			365.00	4.00		1.10	216.00			1.50			521.59	6	62.82	2227871.01	11.77	-4.45	3.65	41.41	-14.78	13.31	0	45.11	1.00	0.10	138.34	233.53	532.29	1288.14	1558.22	198130.47							151.00
Capra_hircus				375.56		365.00	1.45		1.10	249.60			7.58	98.30	47.24	498.97	3	158.04														669.16			47386.47		2136.11					156.00
Capricornis_sumatraensis			1449.99				1.22			252.00							4	166.34	237174.87	8.99	-5.94	1.52	104.72	95.18	99.95	3	95.83	17.00	0.11	227.32	246.68		1679.87	1776.28	110942.22		4100.00					231.37
Sylvicapra_grimmia		1.00	960.71			234.00	0.98	2.00		171.96			2.42			293.14	4	60.83	14120906.18	16.39	-34.83	-9.22	46.19	-17.53	14.33	0	33.95	1.00	0.13	80.82	227.72	608.33	847.89	1495.94	15639.15		1581.45	4955.54				174.89
Babyrousa_togeanensis																			536.65	-0.23	-0.57	-0.40	122.14	121.64	121.89	21	27.66	21.00	0.10													
Litocranius_walleri		8.00	1500.00			240.77	1.00		1.35	156.00			0.43			841.82			1594552.70	11.64	-5.72	2.96	51.01	35.26	43.14	1	20.86	2.00	0.09	40.53	238.78	562.70	596.79	1643.47	38804.37							204.15
Muntiacus_puhoatensis																			1860.05	19.69	19.24	19.46	105.08	104.63	104.86	22	103.77	22.00	0.10	115.00	211.50		1061.77	1252.50								
Pelea_capreolus		10.25					1.00			147.96			18.71				4		866217.26	-22.59	-34.83	-28.71	31.75	16.92	24.34	0	34.26	1.00	0.10	42.22	164.23		592.41	1148.00	22731.33							260.99
Saiga_tatarica	517.50	27.50	1160.00			365.00	1.50		1.10	144.00			0.75			332.65		83.64	2926916.31	51.61	41.32	46.47	90.50	41.49	65.99	0	9.45	0.00	0.01	19.21	59.90		258.58	612.01	37734.01		3326.46					148.49
Moschus_chrysogaster		1.00	899.99				1.20	1.00						0.13		587.94		47.14	1480747.10	40.61	24.83	32.72	105.30	86.42	95.86	0	21.53	1.00	0.06	90.64	-8.59	730.00	556.83	874.85	13697.90		659.54					188.00
Mazama_pandora																			30465.15	21.31	19.21	20.26	-88.36	-90.50	-89.43	5	38.17	6.00	0.19	75.83	255.27		1136.87	1571.54								
Procapra_przewalskii																			40688.43	37.90	36.23	37.06	102.63	99.50	101.06	4	59.89	4.00	0.07	27.29	-24.13		398.79	826.16	27499.99							
Tragulus_kanchil																			3708821.44	24.14	-5.94	9.09	123.67	72.61	98.14	1	181.55	5.00	0.11	169.24	252.55		1207.55	1629.84								
Camelus_bactrianus		6.20				730.00	1.39	1.00		480.00			0.06			1330.60		368.13	188693.00	44.71	37.98	41.34	97.58	90.75	94.17	0	1.83	0.00	0.01	9.94	53.72	1460.00	66.85	612.43	554515.91		34346.64					397.99
Muntiacus_muntjak			994.99			241.00	1.00		1.35	211.20			3.12			338.33			7321434.07	32.36	-8.78	11.79	119.66	72.05	95.86	0	236.51	6.00	0.10	150.35	224.08		1094.18	1471.74	17611.59		1371.39					210.00
Hippocamelus_antisensis		7.30	1550.00				1.00			127.20			1.20						993123.79	2.63	-29.36	-13.36	-65.50	-78.72	-72.11	0	7.76	0.00	0.11	141.12	164.37		1109.84	1431.91	68599.35							235.72
Moschus_fuscus			899.99					1.00						0.13				47.14	121178.76	30.59	26.92	28.75	96.95	91.29	94.12	1	24.30	1.00	0.07	163.32	57.58		957.72	1174.42	13697.90							
Cervus_elaphus		17.50	2136.72				1.09			321.60			2.90	58.42	54.81	659.91		104.64	14167735.33	64.59	28.23	46.41	141.54	-124.73	8.40	0	60.79	0.00	0.04	44.42	27.73	993.71	421.62	662.37	240867.13		8255.82	43977.20				235.61
Kobus_vardonii		5.50	1340.00			365.00	1.00		1.10				4.78				4	212.91	1026509.33	-2.73	-18.63	-10.68	37.46	17.41	27.43	1	15.22	2.00	0.15	100.21	222.04		939.18	1482.09	71462.72		5798.07					258.09
Phacochoerus_africanus			1355.54							180.00				1.55			4		11093470.88	18.77	-32.00	-6.61	44.87	-17.53	13.66	0	33.08	1.00	0.13	86.12	233.01		891.76	1524.23	82499.99							172.49
Giraffa_camelopardalis		100.00	4177.03			608.33	1.29	1.00		435.60			1.23	81.52	99.56	1633.59	4	212.91	2791592.69	16.35	-25.59	-4.62	41.12	0.64	20.88	0	18.23	1.00	0.10	64.96	238.58	1825.00	783.50	1552.64	964654.73		55244.90					455.25
Cephalophus_callipygus			1014.28											0.32	0.30		4		788397.64	5.23	-6.05	-0.41	22.70	8.69	15.70	0	12.47	1.00	0.08	150.69	245.14		1312.40	1510.43	19079.23		2800.00					
Babyrousa_celebensis																			47657.62	1.55	-4.31	-1.37	125.29	119.82	122.55	17	45.21	17.00	0.07	231.15	206.52		1808.07	1884.79								
Pantholops_hodgsonii						365.00	1.00		1.10										1113531.45	36.73	28.92	32.83	99.29	80.73	90.01	0	1.69	0.00	0.06	49.94	-72.58		378.24	760.93	32733.12							212.91
Bos_grunniens		110.00					1.00	1.00		267.00						755.15		243.33	1523540.07	38.88	29.66	34.27	99.23	75.91	87.57	0	2.03	0.00	0.05	30.41	-59.31		246.20	732.74	500000.00							273.75
Aepyceros_melampus		15.25	1420.00			365.00	0.98		1.10	213.00			13.36	1.97	2.36	498.97	4	150.00	3926868.66	2.58	-28.42	-12.91	40.84	11.71	26.27	0	37.60	1.00	0.15	73.05	216.36	730.00	841.64	1480.32	52591.69		5238.40	14563.80				196.74
Bos_javanicus	21.00	40.00	2075.00				1.22	1.00		318.96			0.75			797.31		287.74	1687920.66	25.08	-8.78	8.15	118.35	94.94	106.64	1	139.21	4.00	0.11	187.69	239.18	912.50	1301.28	1592.26	635974.34							296.78
Cervus_nippon		7.50	1200.51	570.00			1.00			305.04			0.75	1.43	0.62	518.12	4	197.70	2714652.61	47.71	20.22	33.97	145.82	107.98	126.90	1	331.55	16.00	0.04	88.81	98.55	1095.00	789.14	883.95	52999.99		4277.11					223.66
Neotragus_pygmaeus		2.00	499.99				1.00			168.00							4		426515.09	9.27	4.35	6.81	0.13	-13.32	-6.59	3	74.42	8.00	0.07	176.50	256.17		1310.62	1560.33	3913.68							180.00
Saiga_borealis																			125569.97	49.00	44.35	46.67	99.24	91.70	95.47	1	1.04	1.00	0.01	13.57	-53.44		246.92	531.56								
Odocoileus_virginianus		2.25	1513.69			304.16	1.57		1.20	276.00			17.32	1.99	2.29	365.00	4	79.92	14446002.22	61.76	-17.98	21.89	-49.87	-130.91	-90.39	0	34.11	0.00	0.07	80.45	127.64	463.00	773.39	1025.50	75901.25		2949.99	29985.81				201.39
Capra_sibirica										267.00									2802214.24	55.63	31.43	43.53	106.03	61.59	83.81	0	23.15	1.00	0.09	20.81	-12.88		271.47	677.11	130000.00		3640.00					175.00
Capra_falconeri	11.00		1590.00				1.73			168.00						1015.00		167.29	155075.85	38.90	28.84	33.87	75.48	65.04	70.26	4	88.36	12.00	0.16	22.18	108.54	730.00	340.32	1154.28	54303.37							167.98
Syncerus_caffer	3000.00	12.00	2525.86			638.75	1.08	1.00		354.00			5.84	63.73	59.79	1683.65		319.37	11706834.65	15.85	-33.51	-8.82	43.95	-14.48	14.73	0	31.59	1.00	0.14	100.45	237.80	1460.00	1004.99	1548.94	592665.98		39843.11	151878.40				337.49
Axis_axis						425.83	1.01		1.01	249.60			6.69	0.67	2.67	543.68		121.66	2041090.04	28.58	5.91	17.25	89.82	73.11	81.46	22	361.47	93.00	0.09	96.14	256.61		814.10	1480.62	69499.99		3156.86					227.49
Madoqua_saltiana		1.50	595.00				1.00			168.00						253.75	4	41.99	1219720.78	19.33	0.20	9.77	51.41	35.96	43.68	1	20.77	3.00	0.09	31.60	244.74		453.34	1717.71	3424.47		672.79			327.33		
Capra_pyrenaica			1200.00				1.50			192.00				0.64	0.51		3		110472.50	42.03	36.01	39.02	2.38	-6.64	-2.13	3	72.31	7.00	0.01	42.64	131.93		478.71	1032.54	60898.77							150.00
Muntiacus_rooseveltorum							1.00												7016.69	19.91	18.88	19.40	104.26	103.55	103.91	5	12.82	5.00	0.11	128.18	195.20		996.13	1241.99	10762.64							212.49
Connochaetes_taurinus		20.00	2014.99			365.00	0.98		1.10	258.00	26460.00		7.99			841.82	2	256.32	3201113.49	-0.82	-30.44	-15.63	39.88	13.13	26.50	0	19.12	0.00	0.16	61.61	211.04	730.00	731.29	1433.23	198619.68	90000.00	18044.36	51051.33				251.49
Pseudoryx_nghetinhensis	4.50	1.00	1750.00													755.15			11820.15	19.53	15.74	17.64	107.71	104.07	105.89	5	77.59	6.00	0.10	167.14	206.16		1222.77	1415.47	97842.20							
Naemorhedus_griseus										207.96									1912280.46	35.44	22.46	28.95	119.64	84.34	101.99	1	166.30	2.00	0.07	121.08	95.96		880.65	1038.45								
Diceros_bicornis	1.00	1.00	2849.99			1049.37	1.00		0.64	564.00			0.11	11.48	13.24	2199.16		583.09	11451482.02	13.52	-34.83	-10.65	49.60	-12.45	18.57	0	30.49	1.00	0.12	70.41	225.90	2053.12	782.26	1502.76	995940.54		34999.99	426865.48				466.24
Mazama_chunyi							1.50												112162.09	-11.16	-17.37	-14.26	-66.87	-73.16	-70.01	0	14.11	1.00	0.07	205.34	174.89		1245.35	1433.88	16071.74							243.33
Bison_bonasus		35.00	2900.00			638.75	1.00	1.00		324.00			0.88	7.91	7.42	841.82		287.32														1068.38			675876.70		23358.61					265.99
Pseudois_nayaur	25.00		1299.99				1.22			288.00			2.49			420.91	2		3101839.68	41.55	27.33	34.44	111.28	75.32	93.30	0	19.15	0.00	0.06	55.16	-27.86	730.00	417.05	810.55	52334.57							159.74
Naemorhedus_goral	12.00		1060.00			365.00	1.00		1.10	211.20						1016.66	4	59.27	353466.24	35.69	26.78	31.24	95.96	71.88	83.92	0	102.31	1.00	0.08	106.99	53.89		873.39	1143.71	28796.51		2000.00					212.91
Hippotragus_niger		15.00	2035.00			365.00	1.00		1.10	267.00			1.30			972.17	4	210.73	3149646.92	-1.84	-25.41	-13.63	40.84	16.24	28.54	0	28.14	2.00	0.16	80.83	221.46	983.37	857.47	1492.34	236405.90		16412.18					272.87
Capra_nubiana							1.00			204.00									177986.79	32.88	14.18	23.53	57.13	31.50	44.31	0	13.75	1.00	0.18	7.67	208.54		137.73	1393.38	47763.72							150.00
Gazella_saudiya																																			16000.00							
Equus_kiang		40.00																	538675.46	39.16	27.75	33.45	99.69	75.24	87.46	0	7.01	0.00	0.06	36.44	-50.88		271.24	798.85	281138.63							260.76
Mazama_bororo																			28312.32	-23.54	-25.75	-24.65	-47.65	-49.64	-48.65	10	59.81	11.00	0.06	152.76	182.81		1240.93	1264.57								
Equus_grevyi			2700.00				1.00	0.50		312.00			2.27			1341.92		271.70	192991.31	9.57	-1.28	4.14	40.78	35.98	38.38	1	16.08	1.00	0.08	50.35	248.21	1642.50	808.59	1474.65	408000.35		39999.99			843.65		406.00
Cephalophus_brookei																			356101.47	8.95	4.35	6.65	-0.43	-13.16	-6.80	3	76.43	8.00	0.06	183.95	254.65		1328.35	1555.04								
Neotragus_moschatus		1.50	599.99				1.00			168.00			17.32			197.64	4		1612115.59	2.16	-28.74	-13.29	40.84	30.22	35.53	1	42.01	2.00	0.19	75.22	231.84		908.38	1518.29	5639.01							180.00
Budorcas_taxicolor	300.00	14.00	1736.00			365.00	1.22		1.10	234.96						928.08	4	118.55	402044.43	34.44	25.85	30.15	108.95	88.22	98.58	1	58.63	1.50	0.08	129.45	39.88		808.24	1002.24	294515.33							235.60
Procapra_picticaudata			980.00				1.00												1936510.55	39.03	28.25	33.64	102.50	77.75	90.12	0	4.54	0.00	0.05	46.84	-57.52		330.86	761.43	23197.67							
Capra_ibex						547.50	1.11		0.89	267.60						838.54	3	111.75	145098.13	47.90	43.76	45.83	15.50	4.76	10.13	12	135.27	26.00	0.03	87.78	42.76	912.50	586.20	627.49	69546.83		2779.07	15683.39				167.50
Capra_caucasica							1.09			264.00						1015.00	3		32781.87	43.82	40.83	42.33	48.52	40.00	44.26	9	40.22	10.50	0.02	57.31	-9.89		612.18	710.43	58149.52							155.00
Redunca_fulvorufula		4.75	1230.00	575.00		352.83			1.12	147.96			7.77	0.07		326.81	4	82.12	1134766.50	9.55	-34.21	-12.32	39.72	10.75	25.24	0	60.83	2.00	0.13	66.93	194.07		898.09	1364.88	29352.66		2719.09	8635.50				222.99
Tragulus_javanicus		1.00	514.29				0.98			144.00	872.10					157.32	4	21.00																	1889.93	1618.00						158.55
Hippotragus_leucophaeus																																			149999.99							
Beatragus_hunteri		13.50	1600.00				1.00			182.04			0.42				2		30188.68	0.80	-1.95	-0.57	42.52	39.93	41.23	1	6.59	1.00	0.04	42.28	272.23		643.41	1847.86	79132.17		8350.00					252.28
Tragelaphus_buxtoni	9.00	15.00	2249.44				1.00			132.00			80.50			755.15			41913.30	9.35	6.16	7.76	42.00	38.40	40.20	8	98.00	13.00	0.15	65.43	109.12		994.44	1441.72	215000.75							
Equus_hemionus	3.00	3.00	2250.00			547.50	1.00		0.89	465.60			0.69			1184.16		456.25	1325419.50	50.78	22.49	36.64	117.95	50.04	84.00	0	31.65	0.00	0.09	21.11	82.53	1277.50	253.84	841.66	235248.07					547.50		346.00
Rusa_unicolor			2040.00				1.00			317.04			4.89			620.76			7050571.04	29.99	-5.94	12.02	122.00	72.50	97.25	1	218.90	7.00	0.10	152.82	224.61	788.40	1103.12	1467.16	177522.90		10270.00					246.00
Ozotoceros_bezoarticus		3.50	1224.74			317.08	1.00		1.18					6.16	5.78	350.76		362.93	3649669.28	-7.21	-36.56	-21.88	-40.94	-66.51	-53.73	0	29.50	1.00	0.08	110.35	214.66		1103.34	1328.48	34620.40		2100.00					220.38
Hemitragus_jemlahicus	35.00					365.00	1.01		1.10	261.60						1532.89	3		130100.31	33.52	26.66	30.09	89.82	75.69	82.76	0	98.04	1.00	0.06	121.77	54.31	730.00	884.01	1143.07	68616.43		2700.00					195.76
Kobus_megaceros	50.00									224.04			0.34				4		82555.03	9.98	6.05	8.02	34.12	29.67	31.90	2	11.77	5.00	0.15	71.90	269.48		878.23	1622.11	85805.93							
Rangifer_tarandus	100000.00		2224.35			365.00	2.00		1.10	242.40			2.55	2771.22	2599.89	758.71		136.87	18376464.07	83.62	45.55	64.59	177.44	-168.12	4.65	0	1.07	0.00	-0.04	29.21	-90.47		236.86	260.98	109088.50		5490.62	24907.05				222.50
Cephalophus_leucogaster			939.32				1.00			63.96							4		1396673.01	5.15	-6.05	-0.45	30.64	8.69	19.67	0	19.68	1.00	0.11	145.99	239.75		1385.58	1555.72	13208.69							
Tapirus_pinchaque	1.00						1.00						0.27	6.38	7.67	1113.70		339.47	178168.26	5.30	-5.35	-0.02	-72.47	-79.76	-76.11	1	57.11	2.00	0.12	148.68	214.12		1361.82	1463.08	156923.40		4720.00					393.99
Antilope_cervicapra	27.50	30.00	1250.00			212.56	1.22	2.00		243.00			4.25	0.62		700.04		59.50	1248646.60	29.43	8.06	18.75	84.20	68.91	76.56	33	284.26	79.00	0.09	76.83	256.63	669.16	688.10	1447.00	36301.10		3386.14					166.59
Ovis_canadensis	5.50		1565.50			365.00	1.16		1.10	288.00	22100.00		1.48	18.94	15.96	761.25	2	130.80	2457850.19	57.15	23.82	40.48	-101.60	-123.90	-112.75	0	7.02	0.00	0.10	27.23	78.78	301.50	367.79	825.62	74644.87	65000.00	4115.85	23431.71				177.49
Cephalophus_ogilbyi			1000.00				1.00							0.07	0.08		4		231511.16	7.15	-3.46	1.84	12.62	5.99	9.31	1	104.03	1.00	0.09	190.65	251.54		1242.62	1549.15	18386.42							121.66
Naemorhedus_baileyi	12.00		1040.00				1.50			219.00									105198.47	29.24	24.64	26.94	100.08	96.87	98.47	1	27.92	1.00	0.11	173.39	53.05		1038.97	1190.61	28863.45							212.91
Capreolus_pygargus			1320.00				2.00						80.00	0.99	1.06	908.84		136.10	9816965.75	62.64	31.25	46.94	139.56	41.85	90.70	0	26.62	0.00	0.01	32.33	-14.85		367.70	511.78	41371.03		1923.53					290.00
Bos_sauveli		20.00	2175.00													755.15			115557.18	15.48	12.04	13.76	107.85	102.98	105.42	2	36.95	3.00	0.12	170.36	251.45		1144.18	1581.73	791321.76							
Capricornis_thar																			272208.21	34.60	21.26	27.93	96.07	74.10	85.09	1	157.56	4.00	0.09	151.07	104.44		944.55	1191.90								
Dicerorhinus_sumatrensis	1.00		2769.99	911.99		1277.50	1.00		0.58	420.00			1.05	11.87	12.72	2784.26		362.93	594010.97	6.73	-5.38	0.67	119.26	95.34	107.30	3	79.31	4.00	0.17	238.66	248.86		1703.18	1778.81	1046156.04		22849.50					310.19
Damaliscus_korrigum										150.96			3.29			1094.37	2		3278531.91	15.28	-10.09	2.59	45.33	-3.893153e-03	22.66	0	31.15	1.00	0.11	71.46	249.81		824.26	1631.55	127194.87							
Dorcatragus_megalotis		7.00	779.98				1.00			168.00							2		77951.19	11.69	8.73	10.21	51.00	42.29	46.64	1	9.78	2.00	0.05	14.58	243.49		197.41	1769.61	10918.12							
Redunca_arundinum		1.75	1505.00			273.75	0.98		1.27	201.00			0.65				4		5149998.73	-2.09	-31.07	-16.58	40.84	11.12	25.98	0	24.54	1.00	0.17	86.11	218.56		899.47	1455.42	58059.24		4500.00					220.52
Cephalophus_natalensis		2.00	786.14			235.00	1.00		1.37	180.00			6.92	0.06	0.09		4		1208751.28	-7.38	-31.13	-19.25	40.84	29.23	35.03	1	37.40	2.00	0.17	79.36	228.97		924.61	1494.49	12724.51		954.89					212.97
Cephalophus_niger			1041.80				1.00			122.04			1.14				4	89.49	726891.40	9.29	4.29	6.79	6.75	-13.29	-3.26	3	100.88	8.00	0.10	154.49	259.80		1256.50	1574.35	19094.32		1940.00					126.00
Philantomba_maxwellii		1.95	845.23				1.00			147.00			5.97			344.87	4	60.48	1214155.52	13.85	4.35	9.10	6.79	-16.82	-5.01	3	78.43	8.00	0.11	146.15	261.68	1095.00	1134.69	1563.70	8557.69		827.49					205.00
Pseudois_schaeferi	6.50																		61143.76	32.97	28.14	30.55	99.57	97.52	98.54	2	5.54	3.00	0.04	160.67	-11.81		618.76	889.23	29249.99							
Hippocamelus_bisulcus		1.90	1550.00	989.99			1.00	1.00					1.12	0.86					121225.02	-36.52	-50.74	-43.63	-71.09	-75.47	-73.28	0	2.48	0.00	0.05	143.42	34.95		527.52	643.53	69240.81		3575.62					212.91
Muntiacus_crinifrons							1.00												128303.40	31.80	27.08	29.44	120.60	116.66	118.63	99	327.45	105.00	0.05	117.90	142.00		1020.00	1047.24	18590.01							195.57
Oryx_beisa	40.00									240.00			1.38				4		1255430.97	18.42	-5.72	6.35	51.41	33.12	42.26	1	21.02	2.00	0.10	43.91	243.82		658.89	1623.00	200576.52							
Bubalus_mindorensis	11.00	1.00	2199.99			1095.00	1.00	1.00		336.00						755.15			9912.75	13.53	12.20	12.86	121.55	120.29	120.92	20	161.33	20.00	0.15	196.39	239.81				254389.74					1095.00		306.06
Oreotragus_oreotragus		2.00	824.99			365.00	0.98		1.10	213.96			2.62			371.23	4	136.87	5375303.33	19.29	-34.83	-7.77	50.90	7.62	29.26	0	38.39	1.00	0.13	66.50	209.37		776.24	1452.31	13486.55		1130.00					214.00
Oreamnos_americanus		3.00	1297.33			365.00	1.40		1.10	230.04	8320.00			18.17	17.04	964.59	4	84.86	1137827.98	64.61	43.51	54.06	-110.18	-151.99	-131.08	0	4.68	0.00	0.09	66.00	-10.46	1095.00	324.18	429.51	72105.40	32000.00	3080.81					181.24
Naemorhedus_caudatus										108.96									757390.24	49.62	34.47	42.04	138.78	109.66	124.22	1	137.71	2.00	0.04	45.40	33.36		540.98	686.56	26999.99							
Sus_cebifrons		4.50	1349.99				4.58	1.00								283.18	12	105.85	27761.56	12.60	9.03	10.82	124.07	121.84	122.96	103	266.95	118.00	0.08	160.41	254.91		1479.27	1759.33	190792.30							125.14
Damaliscus_lunatus		3.60	1700.00				0.98			216.00			2.74			665.30	2		1266510.50	-6.24	-26.69	-16.46	32.16	17.54	24.85	0	11.74	1.00	0.18	79.47	215.81	912.50	806.64	1417.25	136000.33		11000.00					238.00
Bubalus_depressicornis		1.00	1728.58				1.00	1.00		432.96						755.15			41026.70	0.85	-3.51	-1.33	123.99	119.57	121.78	17	40.00	17.00	0.09	227.75	197.83		1814.71	1867.36	256989.27							295.78
Ammotragus_lervia			1449.99			212.91	1.22		1.44	252.00				7.06	6.62	507.09	3	121.66	1447450.84	35.21	14.47	24.84	36.55	-15.33	10.60	0	5.61	0.00	0.11	5.62	225.35	407.58	103.32	1256.23	94202.22		4500.00					156.24
Catagonus_wagneri	4.50	5.75	1025.93				2.47			108.00			9.24	7.00	8.03	821.58	8	60.37	329880.88	-19.59	-26.58	-23.08	-58.41	-64.64	-61.53	0	1.67	0.00	0.11	62.93	221.21	730.00	843.76	1163.15	35566.40		600.20				140.59	152.08
Raphicerus_melanotis		1.50								168.00			10.50				4		243785.08	-29.78	-34.83	-32.31	29.42	17.10	23.26	0	47.94	1.00	0.09	33.18	157.20		501.32	1107.93	10503.14							
Gazella_bennettii																			1733312.37	34.26	15.43	24.85	84.07	64.49	74.28	4	203.10	13.00	0.11	57.22	248.26		529.23	1405.69	18916.67							
Bos_taurus								1.00		240.00				10.04		755.15			44447.62	15.08	11.85	13.46	108.99	107.08	108.04	2	42.48	3.00	0.15	174.94	228.73		1193.98	1450.23	618642.42							280.48
Neotragus_batesi			540.00				1.00			168.00						366.52	4		1089948.06	8.02	-4.03	1.99	30.92	6.03	18.47	0	41.93	1.00	0.10	144.95	238.25	365.00	1384.80	1560.58	2967.45		499.99					181.24
