species,latdec,longdec
Macaranga auriculata,-2.697248,111.627952
Macaranga auriculata,-0.375301,112.159937
Macaranga auriculata,-0.666666,112.683333
Macaranga auriculata,-0.666666,112.683333
Macaranga auriculata,-0.666666,112.683333
Macaranga auriculata,-0.108128,112.762809
Macaranga auriculata,-2.533333,112.95
Macaranga auriculata,-1.445662,113.096388
Macaranga auriculata,-1.033333,113.683333
Macaranga auriculata,-2.2,113.833333
Macaranga auriculata,-0.016666,114.3531
Macaranga auriculata,-3.0241,114.386219
Macaranga auriculata,-1.7,114.433333
Macaranga auriculata,-3.533333,114.483333
Macaranga auriculata,-1.333333,114.85
Macaranga auriculata,-3.966666,114.933333
Macaranga auriculata,-3.55,115.083333
Macaranga auriculata,-3.933333,115.083333
Macaranga auriculata,-3.3,115.1
Macaranga auriculata,-2.933333,115.15
Macaranga auriculata,-1.85,115.183333
Macaranga auriculata,-3.85,115.216666
Macaranga auriculata,-2.183333,115.382222
Macaranga auriculata,-2.183333,115.383333
Macaranga auriculata,-2.533333,115.4
Macaranga auriculata,-1.6,115.45
Macaranga auriculata,-0.383953,115.542536
Macaranga auriculata,-1.9,115.6
Macaranga auriculata,-1.9,115.6
Macaranga auriculata,-0.441624,115.648142
Macaranga auriculata,-3.7,115.666666
Macaranga auriculata,-3.6,115.9333
Macaranga auriculata,-2.366666,115.966666
Macaranga conifera,3.0666666,113.05
Macaranga conifera,3.866666,113.733333
Macaranga conifera,3.05,114
Macaranga conifera,3.433333,114.116666
Macaranga conifera,3.35,114.183333
Macaranga conifera,3.25,114.25
Macaranga conifera,4.316666,114.266666
Macaranga conifera,3.6,114.416666
Macaranga conifera,4.566666,114.416666
Macaranga conifera,3.233333,114.45
Macaranga conifera,3.233333,114.45
Macaranga conifera,4.383333,114.45
Macaranga conifera,4.533333,114.45
Macaranga conifera,4.766666,114.583333
Macaranga conifera,4.766666,114.6
Macaranga conifera,4.233333,114.666666
Macaranga conifera,4.066666,114.733333
Macaranga conifera,4.033333,114.783333
Macaranga conifera,4.45,114.783333
Macaranga conifera,3.2,114.816666
Macaranga conifera,4.116666,114.883333
Macaranga conifera,4.483333,114.916666
Macaranga conifera,5.083333,115.566666
Macaranga conifera,5.233333,115.6
Macaranga conifera,5.216666,115.616666
Macaranga conifera,5.433333,115.633333
Macaranga conifera,5.116666,115.633333
Macaranga conifera,5.333333,115.75
Macaranga conifera,5.4,115.75
Macaranga conifera,5.216666,115.883333
Macaranga conifera,5.083333,116.033333
Macaranga conifera,5.916666,116.116666
Macaranga conifera,5.2815,116.163
Macaranga conifera,5.333333,116.166666
Macaranga conifera,5.716666,116.2
Macaranga conifera,4.3,116.216666
Macaranga conifera,4.3,116.216666
Macaranga conifera,6.03333,116.3
Macaranga conifera,5.15,116.33333
Macaranga conifera,5.083333,116.45
Macaranga conifera,4.95,116.466666
Macaranga conifera,5.866666,116.516666
Macaranga conifera,4.3,116.52
Macaranga conifera,6.416666,116.533333
Macaranga conifera,6.083333,116.55
Macaranga conifera,5.966666,116.583333
Macaranga conifera,6.15,116.65
Macaranga conifera,5.983333,116.666666
Macaranga conifera,5.983333,116.666666
Macaranga conifera,6.116666,116.7
Macaranga conifera,6,116.8
Macaranga conifera,5.2,116.833333
Macaranga conifera,5.016666,116.866666
Macaranga conifera,5.633333,117.083333
Macaranga conifera,5.3,117.283333
Macaranga conifera,5.316666,117.283333
Macaranga conifera,5.95,117.316666
Macaranga conifera,6.566666,117.4
Macaranga conifera,3.3,117.633333
Macaranga conifera,5.9,117.65
Macaranga conifera,4.466666,117.716666
Macaranga conifera,5.833333,117.75
Macaranga conifera,5,117.833333
Macaranga conifera,5.5,117.833333
Macaranga conifera,5.833333,117.933333
Macaranga conifera,5.45,117.933333
Macaranga conifera,4.416666,118.016666
Macaranga conifera,5.533333,118.083333
Macaranga conifera,5.683333,118.1
Macaranga conifera,4.666666,118.183333
Macaranga conifera,5.533333,118.283333
Macaranga conifera,5.443333,118.808333
Macaranga gigantea,2.9,117.1
Macaranga gigantea,1.016666,117.1
Macaranga gigantea,1.016666,117.1
Macaranga gigantea,1.016666,117.1
Macaranga gigantea,2.9,117.1
Macaranga gigantea,2.716666,117.216666
Macaranga gigantea,2.716666,117.216666
Macaranga gigantea,2.95,117.35
Macaranga gigantea,2.95,117.35
Macaranga gigantea,0.75,117.466666
Macaranga gigantea,2.166666,117.4833
Macaranga gigantea,2.166666,117.483333
Macaranga gigantea,2.15,117.483333
Macaranga gigantea,2.15,117.483333
Macaranga gigantea,2.15,117.483333
Macaranga gigantea,2.15,117.483333
Macaranga gigantea,2.15,117.483333
Macaranga gigantea,2.15,117.483333
Macaranga gigantea,1.75,117.5
Macaranga gigantea,2.166666,117.5
Macaranga gigantea,0.13,117.5
Macaranga gigantea,0.1333,117.5
Macaranga gigantea,0.27,117.51
Macaranga gigantea,0.27,117.51
Macaranga gigantea,0.316666,117.533333
Macaranga gigantea,0.466666,117.55
Macaranga gigantea,0.466666,117.55
Macaranga gigantea,0.466666,117.55
Macaranga gigantea,0.8833,117.5833
Macaranga gigantea,0.433333,117.6
Macaranga gigantea,0.433333,117.6
Macaranga gigantea,0.433333,117.6
Macaranga gigantea,0.433333,117.6
Macaranga gigantea,0.433333,117.6
Macaranga gigantea,0.633333,117.7
Macaranga gigantea,1.3,117.7
Macaranga gigantea,0.633333,117.7
Macaranga gigantea,0.75,117.75
Macaranga gigantea,1.216666,117.783333
Macaranga gigantea,0.812834,117.854971
Macaranga gigantea,0.833333,117.866666
Macaranga gigantea,1.033333,117.883333
Macaranga gigantea,1.166666,117.9
Macaranga gigantea,1.166666,117.9
Macaranga gigantea,1.166666,117.9
Macaranga gigantea,1.166666,117.9
Macaranga gigantea,1.166666,117.9
Macaranga gigantea,0.983333,117.966666
Macaranga gigantea,0.983333,117.966666
Macaranga gigantea,0.983333,117.966666
Macaranga gigantea,0.983333,117.966666
Macaranga gigantea,0.983333,117.966666
Macaranga gigantea,0.9167,117.9667
Macaranga gigantea,0.9167,117.9667
Macaranga gigantea,0.9984,117.9957
Macaranga gigantea,2.238245,118.034594
Macaranga gigantea,0.933333,118.05
Macaranga gigantea,0.933333,118.05
Macaranga gigantea,0.833333,118.483333
Macaranga gigantea,0.833333,118.483333
Macaranga gigantea,1.261613,118.688419
Macaranga gigantea,1.261613,118.688419
Macaranga gigantea,1.261613,118.688419
Macaranga hullettii,3.216666,115.366666
Macaranga hullettii,3.733333,115.483333
Macaranga hullettii,3.733333,115.516666
Macaranga hullettii,3.8,115.533333
Macaranga hullettii,3.8,115.566666
Macaranga hullettii,3.716666,115.633333
Macaranga hullettii,3.933333,115.65
Macaranga hullettii,3.75,115.666666
Macaranga hullettii,1.416666,115.883333
Macaranga hullettii,5.083333,116.033333
Macaranga hullettii,5.933333,116.066666
Macaranga hullettii,5.933333,116.066666
Macaranga hullettii,5.916666,116.116666
Macaranga hullettii,5.916666,116.116666
Macaranga hullettii,5.2815,116.163
Macaranga hullettii,5.333333,116.166666
Macaranga hullettii,5.283333,116.166666
Macaranga hullettii,5.9,116.183333
Macaranga hullettii,5.716666,116.2
Macaranga hullettii,5.4,116.2
Macaranga hullettii,4.3,116.216666
Macaranga hullettii,2.347638,116.233213
Macaranga hullettii,4.3,116.25
Macaranga hullettii,5.466666,116.266666
Macaranga hullettii,1.251034,116.281966
Macaranga hullettii,4.55,116.283333
Macaranga hullettii,5.15,116.33
Macaranga hullettii,5.15,116.333333
Macaranga hullettii,5.166666,116.35
Macaranga hullettii,5.666666,116.366666
Macaranga hullettii,1.096429,116.371907
Macaranga hullettii,5.333333,116.433333
Macaranga hullettii,5.083333,116.45
Macaranga hullettii,4.95,116.466666
Macaranga hullettii,5.833333,116.5
Macaranga hullettii,5.4,116.5
Macaranga hullettii,5.866666,116.516666
Macaranga hullettii,1.357106,116.528761
Macaranga hullettii,5.983333,116.566666
Macaranga hullettii,5.966666,116.583333
Macaranga hullettii,5.966666,116.583333
Macaranga hullettii,5.166666,116.583333
Macaranga hullettii,5.166666,116.583333
Macaranga hullettii,5.966666,116.583333
Macaranga hullettii,5.6,116.63333
Macaranga hullettii,5.6,116.63333
Macaranga hullettii,3.583333,116.633333
Macaranga hullettii,5.983333,116.66666
Macaranga hullettii,5.983333,116.666666
Macaranga hullettii,5.983333,116.666666
Macaranga hullettii,1.169585,116.719999
Macaranga hullettii,4.5,116.733333
Macaranga hullettii,5.35,116.766666
Macaranga hullettii,5.866666,116.8
Macaranga hullettii,5.2,116.833333
Macaranga hullettii,5.2,116.833333
Macaranga hullettii,5.416666,116.833333
Macaranga hullettii,5.866666,116.833333
Macaranga hullettii,5.2,116.833333
Macaranga hullettii,5.716666,116.85
Macaranga hullettii,5.716666,116.85
Macaranga hullettii,5.016666,116.866666
Macaranga hullettii,5.016666,116.866666
Macaranga hullettii,5.833333,116.866666
Macaranga hullettii,2.807177,116.875833
Macaranga hullettii,5.783333,116.95
Macaranga hullettii,5.266666,116.966666
Macaranga hullettii,5.266666,116.966666
Macaranga hullettii,5.266666,116.966666
Macaranga hullettii,5.883333,116.983333
Macaranga lamellata,2.9,117.1
Macaranga lamellata,2.716666,117.216666
Macaranga lamellata,2.166666,117.483333
Macaranga lamellata,2.15,117.483333
Macaranga lamellata,2.15,117.483333
Macaranga lamellata,1.75,117.5
Macaranga lamellata,0.433333,117.6
Macaranga lamellata,0.633333,117.7
Macaranga lamellata,1.3,117.7
Macaranga lamellata,0.75,117.75
Macaranga lamellata,0.812834,117.854971
Macaranga lamellata,0.983333,117.966666
Macaranga lamellata,0.9984,117.9957
Macaranga lamellata,0.933333,118.05
Macaranga lowii,2.316666,115.1
Macaranga lowii,2.383333,115.233333
Macaranga lowii,3.816666,115.416666
Macaranga lowii,3.7,115.416666
Macaranga lowii,3.616666,115.45
Macaranga lowii,3.63333,115.516666
Macaranga lowii,2.2,115.533333
Macaranga lowii,3.75,115.666666
Macaranga lowii,5.95,116.033333
Macaranga lowii,5.083333,116.033333
Macaranga lowii,5.083333,116.033333
Macaranga lowii,5.983333,116.066666
Macaranga lowii,5.783333,116.066666
Macaranga lowii,5.933333,116.066666
Macaranga lowii,5.2,116.07
Macaranga lowii,4.916666,116.083333
Macaranga lowii,5.85,116.1
Macaranga lowii,5.966666,116.1
Macaranga lowii,5.85,116.1
Macaranga lowii,5.85,116.1
Macaranga lowii,5.916666,116.116666
Macaranga lowii,5.25,116.133333
Macaranga lowii,5.283333,116.166666
Macaranga lowii,5.266666,116.166666
Macaranga lowii,5.0545,116.2445
Macaranga lowii,5.783333,116.25
Macaranga lowii,5.116666,116.283333
Macaranga lowii,5.116666,116.283333
Macaranga lowii,4.55,116.316666
Macaranga lowii,5.616666,116.316666
Macaranga lowii,2.57,116.33
Macaranga lowii,5.15,116.33
Macaranga lowii,2.57,116.33
Macaranga lowii,2.566666,116.333333
Macaranga lowii,1.1,116.333333
Macaranga lowii,4.55,116.35
Macaranga lowii,5.166666,116.35
Macaranga lowii,5.733333,116.366666
Macaranga lowii,5.666666,116.366666
Macaranga lowii,5.266666,116.4
Macaranga lowii,5.766666,116.4
Macaranga lowii,5.533333,116.433333
Macaranga lowii,5.65,116.45
Macaranga lowii,4.9,116.45
Macaranga lowii,5.65,116.45
Macaranga lowii,4.95,116.466666
Macaranga lowii,4.933333,116.483333
Macaranga lowii,4.933333,116.483333
Macaranga lowii,4.7,116.483333
Macaranga lowii,5.55,116.516666
Macaranga lowii,5.55,116.516666
Macaranga lowii,5.6,116.516666
Macaranga lowii,5.983333,116.533333
Macaranga lowii,4.716666,116.533333
Macaranga lowii,5.983333,116.533333
Macaranga lowii,5.966666,116.583333
Macaranga lowii,5.966666,116.583333
Macaranga lowii,5.966666,116.616666
Macaranga lowii,5.966666,116.616666
Macaranga lowii,5.966666,116.616666
Macaranga lowii,5.983333,116.666666
Macaranga lowii,5.95,116.683333
Macaranga lowii,5.2,116.733333
Macaranga lowii,5.2,116.733333
Macaranga lowii,5.35,116.766666
Macaranga lowii,5.35,116.766666
Macaranga lowii,5.35,116.766666
Macaranga lowii,5.866666,116.8
Macaranga lowii,5.966666,116.8
Macaranga lowii,5.966666,116.8
Macaranga lowii,5.6,116.816666
Macaranga lowii,3.983333,116.833333
Macaranga lowii,5.2,116.833333
Macaranga lowii,5.2,116.833333
Macaranga lowii,3.983333,116.833333
Macaranga lowii,5.2,116.833333
Macaranga lowii,5.716666,116.85
Macaranga lowii,5.716666,116.85
Macaranga lowii,1.033333,116.866666
Macaranga lowii,1.033333,116.866666
Macaranga lowii,5.833333,116.866666
Macaranga lowii,4.566666,116.966666
Macaranga lowii,5.266666,116.966666
Macaranga lowii,5.283333,116.966666
Macaranga lowii,4.266666,116.983333
Macaranga lowii,5.883333,116.983333
Macaranga lowii,4.266666,116.983333
Macaranga lowii,4.75,116.983333
Macaranga lowii,4.75,116.983333
Macaranga pachyphylla,1.916666,113.083333
Macaranga pachyphylla,1.05,113.116666
Macaranga pachyphylla,1.183333,113.266666
Macaranga pachyphylla,1.866666,113.416666
Macaranga pachyphylla,1.883333,113.616666
Macaranga pearsonii,3.183333,113.033333
Macaranga pearsonii,3.583333,113.333333
Macaranga pearsonii,3.956,113.7
Macaranga pearsonii,3.766666,113.766666
Macaranga pearsonii,3.766666,113.766666
Macaranga pearsonii,3.183333,113.933333
Macaranga pearsonii,3.266666,113.95
Macaranga pearsonii,4.583333,114.183333
Macaranga pearsonii,4.2,114.383333
Macaranga pearsonii,3.233333,114.45
Macaranga pearsonii,3.233333,114.816666
Macaranga pearsonii,4.216666,114.883333
Macaranga pearsonii,4.483333,114.916666
Macaranga pearsonii,4.05,114.93
Macaranga pearsonii,5.333333,115.55
Macaranga pearsonii,5.033333,115.566666
Macaranga pearsonii,5.283333,115.583333
Macaranga pearsonii,5.2,115.616666
Macaranga pearsonii,5.333333,115.75
Macaranga pearsonii,5.933333,116.066666
Macaranga pearsonii,5.9,116.183333
Macaranga pearsonii,5.166666,116.35
Macaranga pearsonii,6.033333,116.483333
Macaranga pearsonii,5.833333,116.5
Macaranga pearsonii,5.983333,116.566666
Macaranga pearsonii,5.966666,116.583333
Macaranga pearsonii,6,116.783333
Macaranga pearsonii,5.2,116.833333
Macaranga pearsonii,6.116666,116.85
Macaranga pearsonii,5.716666,116.85
Macaranga pearsonii,5.416666,116.883333
Macaranga pearsonii,3.6,117.05
Macaranga pearsonii,4.833333,117.083333
Macaranga pearsonii,4.833333,117.083333
Macaranga pearsonii,5.366666,117.166666
Macaranga pearsonii,5.316666,117.283333
Macaranga pearsonii,5.216666,117.416666
Macaranga pearsonii,4.233333,117.45
Macaranga pearsonii,5.433333,117.733333
Macaranga pearsonii,4.25,117.9
Macaranga pearsonii,4.466666,117.916666
Macaranga pearsonii,5.833333,117.933333
Macaranga pearsonii,5.833333,117.933333
Macaranga pearsonii,4.233333,117.983333
Macaranga pearsonii,5.8,118.05
Macaranga pearsonii,5.816666,118.05
Macaranga pearsonii,4.25,118.066666
Macaranga pearsonii,5.883333,118.133333
Macaranga pearsonii,4.366666,118.316666
Macaranga pearsonii,4.583333,118.5
Macaranga pearsonii,4.951944,118.579444
Macaranga pearsonii,5.2,118.583333
Macaranga praestans,3.8,113.633333
Macaranga praestans,3.666666,114.1
Macaranga praestans,4.583333,114.183333
Macaranga praestans,4.066666,114.3
Macaranga praestans,4.183333,114.316666
Macaranga praestans,4.683333,114.483333
Macaranga praestans,1.583333,114.533333
Macaranga praestans,4.733333,114.56666
Macaranga praestans,5.566666,115.6
Macaranga praestans,6.316666,116.366666
Macaranga praestans,5.4667,117.216713
Macaranga praestans,4.7165666,117.916666
Macaranga praestans,4.933333,118.55
Macaranga puncticulata,1.016666,117.1
Macaranga puncticulata,2.9,117.1
Macaranga puncticulata,2.716666,117.216666
Macaranga puncticulata,2.716666,117.216666
Macaranga puncticulata,2.95,117.35
Macaranga puncticulata,0.75,117.466666
Macaranga puncticulata,2.166666,117.4833
Macaranga puncticulata,2.15,117.483333
Macaranga puncticulata,2.15,117.483333
Macaranga puncticulata,2.15,117.483333
Macaranga puncticulata,2.166666,117.483333
Macaranga puncticulata,2.15,117.483333
Macaranga puncticulata,2.166666,117.5
Macaranga puncticulata,0.13,117.5
Macaranga puncticulata,0.1333,117.5
Macaranga puncticulata,1.75,117.5
Macaranga puncticulata,0.27,117.51
Macaranga puncticulata,0.27,117.51
Macaranga puncticulata,0.316666,117.533333
Macaranga puncticulata,0.466666,117.55
Macaranga puncticulata,0.8833,117.5833
Macaranga puncticulata,0.433333,117.6
Macaranga puncticulata,0.633333,117.7
Macaranga puncticulata,0.633333,117.7
Macaranga puncticulata,1.216666,117.783333
Macaranga puncticulata,0.833333,117.866666
Macaranga puncticulata,1.033333,117.883333
Macaranga puncticulata,1.166666,117.9
Macaranga puncticulata,1.166666,117.9
Macaranga puncticulata,1.166666,117.9
Macaranga puncticulata,1.166666,117.9
Macaranga puncticulata,1.166666,117.9
Macaranga puncticulata,1.166666,117.9
Macaranga puncticulata,1.166666,117.9
Macaranga puncticulata,0.983333,117.966666
Macaranga puncticulata,0.9833333,117.966666
Macaranga puncticulata,0.983333,117.966666
Macaranga puncticulata,0.983333,117.966666
Macaranga puncticulata,0.983333,117.966666
Macaranga puncticulata,0.9167,117.9667
Macaranga puncticulata,0.9167,117.9667
Macaranga puncticulata,0.9984,117.9957
Macaranga puncticulata,2.238245,118.034594
Macaranga puncticulata,0.933333,118.05
Macaranga puncticulata,0.933333,118.05
Macaranga puncticulata,0.833333,118.483333
Macaranga puncticulata,1.261613,118.688419
Macaranga puncticulata,1.261613,118.688419
Macaranga repando-dentata,0.433333,117.6
Macaranga repando-dentata,2.9,117.1
Macaranga repando-dentata,1.016666,117.1
Macaranga repando-dentata,2.9,117.1
Macaranga repando-dentata,2.95,117.35
Macaranga repando-dentata,0.75,117.466666
Macaranga repando-dentata,2.15,117.483333
Macaranga repando-dentata,2.166666,117.5
Macaranga repando-dentata,0.8833,117.5833
Macaranga repando-dentata,0.43333,117.6
Macaranga repando-dentata,1.3,117.7
Macaranga repando-dentata,0.633333,117.7
Macaranga repando-dentata,0.75,117.75
Macaranga repando-dentata,1.216666,117.783333
Macaranga repando-dentata,0.812834,117.854971
Macaranga repando-dentata,1.03333,117.883333
Macaranga repando-dentata,0.983333,117.966666
Macaranga repando-dentata,0.983333,117.966666
Macaranga repando-dentata,0.933333,118.05
Macaranga repando-dentata,0.833333,118.483333
Macaranga repando-dentata,0.833333,118.483333
Macaranga tanarius,-0.816667,112.05
Macaranga tanarius,3.166666,113.7
Macaranga tanarius,3.35,114.183333
Macaranga tanarius,4.583333,114.183333
Macaranga tanarius,4.733333,114.616667
Macaranga tanarius,4.8,114.65
Macaranga tanarius,4.6,114.666667
Macaranga tanarius,4.883333,114.933333
Macaranga tanarius,-3.520189,114.949826
Macaranga tanarius,5.316667,115.2
Macaranga tanarius,-2.883333,115.383333
Macaranga tanarius,5.125,115.6375
Macaranga tanarius,5.125,115.6375
Macaranga tanarius,5.65,115.716667
Macaranga tanarius,5.333333,115.75
Macaranga tanarius,4.7,115.883333
Macaranga tanarius,5.566666,115.95
Macaranga tanarius,4.925,115.970833
Macaranga tanarius,-2.833333,116
Macaranga tanarius,-2.833333,116
Macaranga tanarius,-2.833333,116
Macaranga tanarius,6.016667,116.033333
Macaranga tanarius,5.933333,116.066666
Macaranga tanarius,5.983333,116.066667
Macaranga tanarius,5.983333,116.066667
Macaranga tanarius,-2.666667,116.066667
Macaranga tanarius,-2.716667,116.066667
Macaranga tanarius,5.466666,116.266666
Macaranga tanarius,5.083333,116.45
Macaranga tanarius,6.033333,116.466667
Macaranga tanarius,6.033333,116.466667
Macaranga tanarius,3.583333,116.633333
Macaranga tanarius,-0.75,116.633333
Macaranga tanarius,-0.75,116.633333
Macaranga tanarius,5.966667,116.65
Macaranga tanarius,6.066667,116.666667
Macaranga tanarius,0.45,116.68
Macaranga tanarius,6,116.683333
Macaranga tanarius,6.116667,116.716667
Macaranga tanarius,-0.15784,116.719581
Macaranga tanarius,6.966667,116.733333
Macaranga tanarius,6.316667,116.733333
Macaranga tanarius,5.35,116.766666
Macaranga tanarius,-0.916667,116.766667
Macaranga tanarius,6.883333,116.816666
Macaranga tanarius,5.725,116.854167
Macaranga tanarius,5.725,116.854167
Macaranga tanarius,-0.983333,116.916667
Macaranga tanarius,-0.983333,116.933333
Macaranga tanarius,-0.983333,116.933333
Macaranga tanarius,-0.990833,116.946944
Macaranga tanarius,5.266666,116.966666
Macaranga tanarius,5.266667,116.966667
Macaranga tanarius,5.166666,117
Macaranga tanarius,-1,117
Macaranga tanarius,-1,117
Macaranga tanarius,-1,117
Macaranga tanarius,5.533333,117.1
Macaranga tanarius,5.65,117.116666
Macaranga tanarius,-0.5,117.133333
Macaranga tanarius,1.866667,117.183333
Macaranga tanarius,1.866667,117.183333
Macaranga tanarius,5.283333,117.216666
Macaranga tanarius,2.833333,117.283333
Macaranga tanarius,5.95,117.316666
Macaranga tanarius,5.95,117.316666
Macaranga tanarius,2.1,117.333333
Macaranga tanarius,5.216666,117.416666
Macaranga tanarius,4.6,117.566666
Macaranga tanarius,0.75,117.566667
Macaranga tanarius,0.75,117.566667
Macaranga tanarius,0.833333,117.583333
Macaranga tanarius,0.433333,117.6
Macaranga tanarius,4.85,117.616666
Macaranga tanarius,0.833333,117.666667
Macaranga tanarius,1.333333,117.666667
Macaranga tanarius,-0.833333,117.666667
Macaranga tanarius,0.833333,117.666667
Macaranga tanarius,0.833333,117.666667
Macaranga tanarius,4.25,117.9
Macaranga tanarius,4.25,117.9
Macaranga tanarius,5.845833,118.079167
Macaranga tanarius,5.845833,118.079167
Macaranga tanarius,5.845833,118.079167
Macaranga tanarius,0.75,118.1
Macaranga tanarius,0.75,118.1
Macaranga tanarius,0.75,118.1
Macaranga tanarius,5.833333,118.116667
Macaranga tanarius,5.833333,118.116667
Macaranga tanarius,5.125,118.141667
Macaranga tanarius,4.966666,118.166666
Macaranga tanarius,4.65,118.416666
Macaranga tanarius,4.65,118.466666
Macaranga tanarius,4.583333,118.5
Macaranga tanarius,4.583333,118.5
Macaranga tanarius,4.114722,118.634444
Macaranga tanarius,4.595833,118.775
Macaranga trichocarpa,1.133333,109.6
Macaranga trichocarpa,1.566666,109.9
Macaranga trichocarpa,-1.266667,109.95
Macaranga trichocarpa,0.783333,110.133333
Macaranga trichocarpa,1.266666,110.15
Macaranga trichocarpa,1.133333,110.25
Macaranga trichocarpa,1.666666,110.266666
Macaranga trichocarpa,1.116667,110.266667
Macaranga trichocarpa,1.1,110.5
Macaranga trichocarpa,-1.816667,111.283333
Macaranga trichocarpa,1.066666,111.366666
Macaranga trichocarpa,1.25,111.416666
Macaranga trichocarpa,1.4,111.516667
Macaranga trichocarpa,0.7,111.716666
Macaranga trichocarpa,0.7,111.716666
Macaranga trichocarpa,-0.816667,112.05
Macaranga trichocarpa,-0.816667,112.05
Macaranga trichocarpa,-0.816667,112.05
Macaranga trichocarpa,-0.816667,112.05
Macaranga trichocarpa,-0.816667,112.05
Macaranga trichocarpa,-0.816667,112.05
Macaranga trichocarpa,-0.816667,112.05
Macaranga trichocarpa,-0.816667,112.05
Macaranga trichocarpa,-0.816667,112.05
Macaranga trichocarpa,-0.816667,112.05
Macaranga trichocarpa,-0.816667,112.05
Macaranga trichocarpa,-0.816667,112.05
Macaranga trichocarpa,-0.816667,112.05
Macaranga trichocarpa,-1.926389,112.476389
Macaranga trichocarpa,-3.333333,114.6
Macaranga trichocarpa,-3.520189,114.949826
Macaranga trichocarpa,-3.520189,114.949826
Macaranga trichocarpa,-3.520189,114.949826
Macaranga trichocarpa,-3.85,115.2167
Macaranga trichocarpa,4.866667,115.633333
Macaranga trichocarpa,-1.833333,115.666667
Macaranga trichocarpa,-1.833333,115.666667
Macaranga trichocarpa,-2.8,115.75
Macaranga trichocarpa,5.116666,115.8
Macaranga trichocarpa,-0.333333,115.916667
Macaranga trichocarpa,-1.418333,115.9575
Macaranga trichocarpa,5.366666,115.966666
Macaranga trichocarpa,5.083333,116.033333
Macaranga trichocarpa,-0.5,116.133333
Macaranga trichocarpa,5.466666,116.266666
Macaranga trichocarpa,5.55,116.275
Macaranga trichocarpa,5,116.3
Macaranga trichocarpa,5,116.3
Macaranga trichocarpa,4.55,116.316667
Macaranga trichocarpa,5.15,116.33
Macaranga trichocarpa,-1,116.333333
Macaranga trichocarpa,5.216667,116.341667
Macaranga trichocarpa,5.166666,116.35
Macaranga trichocarpa,4.933333,116.475
Macaranga trichocarpa,-0.75,116.633333
Macaranga trichocarpa,5.2,116.733333
Macaranga trichocarpa,-0.083333,116.766667
Macaranga trichocarpa,-1.033333,116.766667
Macaranga trichocarpa,-1.083333,116.8
Macaranga trichocarpa,-1.100333,116.809667
Macaranga trichocarpa,-1.088167,116.8175
Macaranga trichocarpa,1,116.833333
Macaranga trichocarpa,1,116.833333
Macaranga trichocarpa,-1.016667,116.866667
Macaranga trichocarpa,-0.983333,116.933333
Macaranga trichocarpa,-0.983333,116.933333
Macaranga trichocarpa,-0.9865,116.9425
Macaranga trichocarpa,-0.266666,117
Macaranga trichocarpa,-0.266666,117
Macaranga trichocarpa,-1,117
Macaranga trichocarpa,-1,117
Macaranga trichocarpa,-1,117
Macaranga trichocarpa,-1,117
Macaranga trichocarpa,-1.033333,117.033333
Macaranga trichocarpa,-0.583333,117.283333
Macaranga trichocarpa,2.133333,117.283333
Macaranga trichocarpa,2.083333,117.283333
Macaranga trichocarpa,2.083333,117.283333
Macaranga trichocarpa,4.408333,117.483333
Macaranga trichocarpa,4.408333,117.483333
Macaranga trichocarpa,4.416667,117.483333
Macaranga trichocarpa,4.408333,117.483333
Macaranga trichocarpa,0.633333,117.483333
Macaranga trichocarpa,0.8,117.533333
Macaranga trichocarpa,4.458333,117.579167
Macaranga trichocarpa,0.433333,117.6
Macaranga trichocarpa,0.433333,117.6
Macaranga trichocarpa,4.266666,117.6
Macaranga trichocarpa,0.783333,117.616667
Macaranga trichocarpa,4.083333,117.666666
Macaranga trichocarpa,-0.833333,117.666667
Macaranga trichocarpa,0.75,118.1
Macaranga umbrosa,3.516666,113.3
Macaranga umbrosa,4.25,113.916666
Macaranga umbrosa,4.316666,114.266666
Macaranga umbrosa,4.566666,114.416666
Macaranga umbrosa,4.166666,114.716666
Macaranga umbrosa,4.333333,114.883333
Macaranga umbrosa,4.266666,116.983333
Macaranga umbrosa,4,117.05
Macaranga umbrosa,5.9,117.55
Macaranga umbrosa,5.683333,117.983333
Macaranga umbrosa,4.2,118.066666
Macaranga winkleri,-0.600856,112.115901
Macaranga winkleri,-0.333333,112.43333
Macaranga winkleri,-0.333333,112.43333
Macaranga winkleri,-0.333333,112.43333
Macaranga winkleri,-1.983333,112.433333
Macaranga winkleri,-0.284931,112.43579
Macaranga winkleri,-0.417155,112.455943
Macaranga winkleri,-1.933333,112.483333
Macaranga winkleri,-0.508348,112.634995
Macaranga winkleri,-0.508348,112.634995
Macaranga winkleri,-0.508348,112.634995
Macaranga winkleri,-0.508348,112.634995
Macaranga winkleri,-0.666666,112.683333
Macaranga winkleri,-0.666666,112.683333
Macaranga winkleri,-0.666666,112.683333
Macaranga winkleri,-2.75,112.91
Macaranga winkleri,-2.316666,113.033333
Macaranga winkleri,-1.433333,113.066666
Macaranga winkleri,-1.433333,113.066666
Macaranga winkleri,-1.433333,113.066666
Macaranga winkleri,-1.445662,113.096388
Macaranga winkleri,-1.445662,113.096388
Macaranga winkleri,-1.445662,113.096388
Macaranga winkleri,-1.445662,113.096388
Macaranga winkleri,-1.45,113.133333
Macaranga winkleri,-3.283333,113.35
Macaranga winkleri,-1.1,113.8833
Macaranga winkleri,-2.266666,113.933333
Macaranga winkleri,-2.316666,114.016666
Macaranga winkleri,-3.266666,114.1
Macaranga winkleri,-3.266666,114.1
Macaranga winkleri,-3.533333,114.483333
Macaranga winkleri,-3.533333,114.483333
Macaranga winkleri,-3.533333,114.483333
Macaranga winkleri,-3.533333,114.483333
Macaranga winkleri,-3.533333,114.483333
Macaranga winkleri,-3.533333,114.483333
Macaranga winkleri,-3.533333,114.483333
Macaranga winkleri,-3.3167,114.5333
Macaranga winkleri,-0.583333,114.583333
Macaranga winkleri,-3.6,114.7
Macaranga winkleri,-3.6,114.7
Macaranga winkleri,-3.8,114.75
Macaranga winkleri,-3.8,114.75
Macaranga winkleri,-3.8,114.75
Macaranga winkleri,-3.8,114.75
Macaranga winkleri,-3.8,114.75
Macaranga winkleri,-3.8,114.75
Macaranga winkleri,-3.8,114.75
Macaranga winkleri,-1.6,114.766666
Macaranga winkleri,-1.7,114.8
Macaranga winkleri,-1.7,114.8
Macaranga winkleri,-1.7,114.8
Macaranga winkleri,-0.95,114.88333
Macaranga winkleri,-0.95,114.883333
Macaranga winkleri,-0.95,114.883333
Macaranga winkleri,-0.95,114.883333
Macaranga winkleri,-1.326651,114.887016
Macaranga winkleri,-2.25,114.9
Macaranga winkleri,-2,114.9
Macaranga winkleri,-0.966666,114.9
Macaranga winkleri,-2.25,114.9
Macaranga winkleri,-2.25,114.9
Macaranga winkleri,-2.25,114.9
Macaranga winkleri,-3.724867,114.946609
Macaranga winkleri,-3.520189,114.949826
Macaranga winkleri,-3.6,114.983333
Macaranga winkleri,-1.8,115.0167
Macaranga winkleri,-3.433333,115.066666
Macaranga winkleri,-3.933333,115.083333
Macaranga winkleri,-3.55,115.083333
Macaranga winkleri,-0.7,115.133333
Macaranga winkleri,-3.85,115.2167
Macaranga winkleri,-3.85,115.2167
Macaranga winkleri,-3.85,115.2167
Macaranga winkleri,-2.785743,115.266752
Macaranga winkleri,-2.785743,115.266752
Macaranga winkleri,-2.785743,115.266752
Macaranga winkleri,-0.966666,115.316666
Macaranga winkleri,-2.35,115.383333
Macaranga winkleri,-0.966666,115.45
Macaranga winkleri,-2.55,115.45
Macaranga winkleri,-2.55,115.45
Macaranga winkleri,-2.55,115.45
Macaranga winkleri,-0.966666,115.45
Macaranga winkleri,-0.966666,115.45
Macaranga winkleri,-1.9,115.6
Macaranga winkleri,-1.9,115.6
Macaranga winkleri,-1.9,115.6
Macaranga winkleri,-2.066666,115.616666
Macaranga winkleri,-2.71059,115.625819
Macaranga winkleri,-2.71059,115.625819
Macaranga winkleri,-2.71059,115.625819
Macaranga winkleri,-0.0333,115.6333
Macaranga winkleri,-0.0333,115.6333
Macaranga winkleri,-0.0333,115.6333
Macaranga winkleri,-1.75,115.666666
Macaranga winkleri,-1.75,115.666666
Macaranga winkleri,-1.75,115.666666
Macaranga winkleri,-1.816666,115.733333
Macaranga winkleri,-1.816666,115.733333
Macaranga winkleri,-0.466666,115.75
