size2,size3,size4,size5
207.411863,499.738014,405.375687,542.909665
376.566487,424.14603,509.418597,672.675795
207.411864,499.738016,509.418595,635.563912
376.566484,343.787477,509.418597,523.382836
311.454769,483.561877,621.095854,556.688038
376.566486,420.707362,613.266729,635.680976
206.2535,495.731988,526.643343,727.605056
376.566483,514.100461,404.217325,642.946552
376.566487,534.908565,612.925966,656.400607
325.817221,365.75394,514.860613,649.926357
376.566485,499.738011,500.320365,459.977257
376.566484,469.796848,323.786212,722.178558
376.566484,379.668374,514.860613,423.345945
307.448749,395.695106,451.455038,750.530604
376.566483,534.908562,658.080094,521.968521
305.81798,344.94584,413.665359,737.306939
325.817221,494.101224,518.86663,777.245596
376.566485,335.497805,509.418595,795.614066
207.411864,356.305905,618.903514,638.032141
311.45477,377.148839,612.996628,729.964004
376.566484,534.90856,551.972495,621.318527
376.566489,432.806988,500.472724,452.711681
376.566484,514.100463,518.866632,482.128289
311.45477,365.75394,500.320368,573.918143
311.454771,495.73199,658.080089,673.202694
376.566486,534.908564,517.708269,632.054584
376.566485,329.425026,518.866632,616.027854
301.541857,499.738011,608.919943,691.571157
307.44875,363.689249,517.708269,528.547217
376.566488,395.695103,613.266731,555.194955
301.471197,514.100461,442.487573,744.267387
376.566483,494.101223,518.86663,609.835291
190.934101,495.731994,518.866629,683.146014
376.566487,395.695102,616.603641,609.797112
376.566484,514.100463,654.074068,638.579916
311.454771,499.738015,605.538792,739.775169
325.81722,424.983489,633.26597,446.186352
376.566485,321.135352,618.903518,718.861949
311.454769,534.908561,618.903524,656.400609
309.154888,424.642725,620.609656,521.752064
206.2535,534.908558,404.217325,637.039662
376.566481,483.561878,627.288415,621.856007
376.566485,420.707361,617.272751,732.091472
207.411863,321.135354,211.096106,622.005409
376.566488,432.806988,612.429268,532.830871
376.566486,499.738011,602.727385,520.660758
207.411861,344.945841,612.429268,758.143634
207.411862,499.738015,652.443299,638.032138
307.448752,395.695102,637.271987,779.437929
311.45477,424.983489,413.665362,636.873774
311.45477,499.738014,513.702245,732.162131
325.817218,497.438133,535.490916,714.791385
376.566484,514.10046,323.786212,627.941432
346.625319,210.513752,601.096619,454.556925
376.566487,493.263768,633.265971,656.400602
376.566489,514.100464,518.866631,416.080373
376.566485,499.738007,610.696747,579.540979
311.454769,493.263766,654.074069,665.231105
376.566484,448.988748,555.978512,677.208707
301.541853,379.668377,533.229081,528.547213
325.81722,499.738012,518.866633,739.775161
376.566489,495.731995,413.665363,656.400609
376.566489,495.731993,620.609659,551.199338
197.963827,321.135352,602.72738,423.345942
376.566486,514.100461,503.287913,743.985696
191.385133,499.738012,551.97249,639.738275
294.219225,489.75444,616.603641,636.873776
346.62532,225.382119,554.789524,638.032143
346.625321,495.731991,602.727387,657.175962
207.411861,494.101223,517.708268,683.146014
376.566488,379.668376,608.919946,628.584106
376.566486,493.263762,517.708271,632.395349
304.980523,499.738016,590.668494,638.032133
376.566488,534.908564,617.272748,761.069461
376.566486,395.695104,617.272751,736.438258
325.81722,328.91911,654.074072,749.963245
376.566489,497.438133,558.268345,628.119226
325.817222,225.382117,654.074073,519.448989
301.471196,514.100464,413.665358,521.968517
376.566486,495.731991,605.538789,732.091475
311.454771,395.695107,514.860609,726.410435
307.448748,482.367259,501.631085,625.862026
376.566486,483.561881,613.266729,639.738281
311.45477,499.738012,608.990604,632.125242
376.566489,495.731992,532.070722,563.717769
376.566488,395.695102,509.418594,739.775164
305.81798,499.73801,514.860612,756.437499
376.566482,386.247071,627.288414,795.614063
294.219225,495.731992,513.229837,667.760671
376.566483,494.101225,451.455035,638.032141
307.448753,208.904357,523.781045,639.738278
376.56649,395.695104,537.323573,670.413555
325.817219,432.326416,618.903516,552.554851
325.817221,514.100465,458.669331,733.868272
311.45477,386.24707,562.274366,735.600801
376.566486,386.247068,610.626085,677.208711
376.566483,494.101221,333.685276,771.338702
376.566482,499.738013,612.996628,602.113421
376.566486,493.263766,479.477432,733.797617
376.566484,495.731997,602.727384,630.290246
376.566485,330.583388,235.062703,469.425293
376.566487,489.825099,514.860609,521.517488
307.44875,344.94584,590.668494,676.050345
376.566486,514.100466,513.229841,756.4375
376.566486,439.102838,617.272751,625.862029
376.566488,217.092446,554.037185,639.738276
376.566485,495.731992,452.090637,526.923973
295.278638,329.425027,554.789523,777.245599
311.45477,499.738016,654.074066,736.438261
207.411864,495.731994,554.03718,638.032138
307.448745,483.561879,532.333203,671.571922
346.62532,361.221023,427.744613,735.600797
376.566488,432.326418,620.609657,572.007439
376.566486,514.100464,654.074069,778.95174
311.454768,499.738014,607.359839,626.115877
207.411862,497.438133,501.631087,401.447852
376.566486,330.583391,538.010452,581.402989
376.566486,499.738014,618.903523,470.532374
376.566486,534.908562,637.271987,638.03214
376.566483,432.326418,503.287918,738.144399
376.566486,321.135354,503.287918,735.600798
346.625322,448.988747,603.238909,735.600795
376.566483,495.731993,641.903952,635.243004
376.566484,424.983488,620.60966,651.236225
376.566485,482.367261,513.229842,771.268043
376.566482,432.326418,451.455034,515.043238
376.566485,534.908561,551.972497,340.846328
301.541856,432.326418,517.708272,498.606049
311.454771,395.695101,537.559419,739.775167
207.411861,495.731993,620.609657,718.316565
376.566488,534.90856,537.40464,775.614826
307.448749,448.988747,562.274369,570.442748
305.817982,534.908561,617.272751,667.977478
206.2535,432.326416,613.266732,756.437493
376.566486,499.738012,518.866629,726.410437
304.980519,499.738014,602.727389,791.608047
294.084019,395.695106,501.631087,638.03214
376.566485,379.668373,405.375686,628.584101
311.454771,207.994217,614.135412,729.964006
307.44875,386.24707,398.796996,739.775166
311.454769,395.695103,617.272752,768.968165
376.566484,499.738013,569.860393,754.137614
311.454769,534.908564,608.99061,512.9685
311.45477,499.738014,554.037184,744.267382
325.817221,432.326416,518.866629,756.437496
207.411863,499.738014,512.071478,670.375913
190.698253,489.75444,494.862772,517.962498
311.454771,395.695106,514.860614,593.319352
307.448748,313.86978,496.314347,646.952573
376.566484,210.06272,502.38887,722.404414
301.541856,330.583389,551.972495,667.760675
307.448749,495.731995,601.09662,730.531366
376.566485,314.55666,631.635196,528.547216
307.448749,495.731991,637.271991,743.207973
376.566486,420.707364,620.609659,743.072767
376.566483,495.731994,502.839902,767.332685
376.566485,499.738014,554.037184,777.245594
307.448752,379.668377,398.345959,669.269763
376.566488,499.738011,558.26835,756.437497
206.2535,395.695107,498.147002,719.424664
376.566483,329.425027,607.359835,615.53116
197.963827,483.561877,633.265965,646.487693
376.566485,534.908561,634.972108,739.775165
376.566488,469.796847,450.296673,621.856005
376.566483,499.738008,654.074071,528.547216
311.454769,489.825096,605.538791,667.760674
376.566484,329.425027,620.609662,736.438254
250.819598,395.695101,601.667975,621.192017
307.448753,497.438128,508.953713,736.438258
307.448753,484.159297,596.820494,713.089955
376.566487,494.101224,616.435291,528.547217
376.566482,495.73199,633.265975,638.032134
311.454766,495.731991,658.080085,658.662446
376.566488,378.981493,533.229084,222.609344
311.45477,395.695105,612.996623,532.830873
376.566484,379.668376,602.727382,521.968521
376.566484,407.271974,398.34596,667.760673
311.454771,499.738015,618.903519,620.374642
376.566483,483.561875,554.037181,636.87377
376.566483,395.695107,620.609662,671.526963
376.566488,495.731995,533.229083,739.201954
376.566486,489.825098,606.733407,512.069455
309.154888,499.738014,637.271983,758.143637
311.454768,210.062719,518.86663,689.506468
311.454771,534.908564,554.03718,519.601344
376.566484,448.988748,617.272749,527.388851
311.454766,489.8251,541.680763,656.40061
376.566486,514.100464,637.271991,528.547215
376.566486,495.731995,618.903515,638.03214
309.15489,407.477838,533.229079,720.262121
311.454768,499.738012,616.603634,736.438254
376.566485,495.731991,502.94435,623.26052
311.454771,413.384734,433.389344,736.438259
376.566489,534.908563,595.555217,632.12524
376.566487,495.731992,607.359833,778.951734
376.566487,514.100465,633.265971,639.738275
376.566485,469.796847,219.507456,724.268143
294.084019,432.326417,442.61298,735.600798
376.566488,330.58339,606.733406,517.9625
307.448745,395.695107,620.609662,546.096727
325.81722,499.738012,552.878817,477.797947
376.566484,379.217345,451.455034,519.448987
311.45477,482.36726,502.153024,673.233101
376.566488,482.502468,637.271983,557.139072
207.411863,386.247068,658.080091,756.437497
307.448752,225.382117,654.074072,681.439877
376.566489,497.438132,451.455033,758.143636
346.62532,469.796848,654.074071,656.400605
376.566484,364.595576,651.605841,743.072768
311.454772,217.092445,648.167174,636.873776
207.411861,329.425027,612.925967,765.075484
376.566488,499.738014,618.903519,517.962504
307.448752,225.382118,658.080091,623.71155
376.566488,495.731988,398.796994,639.738273
307.44875,424.146029,514.860611,658.967886
376.566482,499.738013,608.990609,758.143637
376.566485,495.731995,616.435294,728.683042
311.454768,514.100464,498.382854,588.98901
376.566487,330.583388,554.037186,677.208708
376.566487,330.583391,617.27275,675.144019
376.566483,395.695104,427.057733,636.401369
376.566487,489.825101,612.925967,763.880869
207.411863,495.73199,618.903523,703.856448
346.625318,386.247068,518.866635,733.797612
294.219225,534.908563,509.418597,677.208707
311.454771,499.738014,640.709337,707.032598
376.566487,330.583387,658.080089,599.922384
325.81722,321.135355,393.119745,619.92361
325.817221,378.981494,605.673993,749.963244
307.44875,414.444143,618.903519,729.964004
207.411863,489.825097,618.903519,733.797616
376.566487,499.738011,377.093014,756.437497
376.566484,534.908562,220.194334,795.614064
346.625321,495.731992,651.605843,775.614825
301.471197,489.825096,637.271989,750.5306
346.625321,494.10122,508.953721,619.68776
311.454772,484.159298,618.903515,738.144396
304.980523,495.731989,617.272753,661.181976
376.566483,514.100462,612.429266,726.410439
325.81722,395.695109,512.392382,758.379284
376.566486,494.101224,620.609659,638.03214
309.154889,432.326415,451.455032,754.806726
376.566487,207.994218,608.990608,476.639587
311.454768,494.101219,634.972108,675.14402
325.817218,417.255546,658.080088,554.619539
376.566489,363.689252,517.708265,572.007438
376.566487,499.738011,618.903519,446.873228
307.448748,495.731992,501.532138,636.401373
304.980519,499.738016,610.626085,632.39535
376.566487,424.642724,544.589145,719.424663
311.454768,448.988743,517.708267,730.460703
376.566482,494.101223,607.330825,622.947315
376.566483,514.100464,601.667976,646.952571
207.411862,432.326417,637.271988,656.400605
376.566486,448.988748,518.866631,632.054583
376.566485,514.100462,518.866629,621.856007
346.625322,210.513752,658.080092,720.262122
311.45477,534.908562,605.673996,638.032136
295.278638,495.731992,551.972492,624.802613
207.411863,483.561882,333.685278,676.050348
376.566486,514.100464,517.202352,639.687
376.566484,493.263762,648.167177,756.437497
325.81722,395.695101,405.375691,771.338706
376.566483,499.738012,607.359834,778.951738
311.45477,495.731992,633.265973,777.245596
376.566488,363.689249,502.839903,719.20271
376.566482,489.825098,488.925467,628.584104
376.566487,499.738016,551.972494,726.54564
346.625318,514.100462,479.477432,750.800711
376.566489,534.908564,533.229084,536.836887
294.084019,484.159297,616.603638,756.437498
294.219225,379.668374,333.234246,777.245594
346.62532,494.101221,348.553644,795.614066
325.817221,482.367264,388.897927,638.579915
376.566485,499.738015,620.036445,622.947317
311.454766,499.738013,562.274368,791.608043
376.566485,432.326416,655.780212,519.448989
325.81722,499.738013,538.010452,609.835292
307.448749,499.738014,672.44254,661.181979
207.41186,395.695106,523.781049,720.262121
376.566486,495.731991,672.442544,632.395346
188.865599,514.100461,509.418595,656.400606
311.454772,493.26376,451.455034,736.438257
307.448751,534.908565,468.117367,739.775168
376.566487,448.988745,620.609656,524.541195
307.448748,330.583387,616.435289,676.050345
376.566486,497.438135,517.708268,711.474771
376.566486,514.100463,612.925965,655.242244
307.448745,499.73801,621.095856,631.236986
325.817222,386.247071,398.796994,626.488459
376.566483,499.738011,627.359078,633.448597
376.566484,484.159298,488.925465,744.893815
376.566484,394.53674,605.673993,620.37464
376.566485,395.695101,333.685278,521.517484
376.566486,514.100465,631.635199,777.245593
197.963828,514.10046,612.429275,768.968161
311.454767,432.326417,612.925968,739.775169
206.2535,395.695103,496.314348,689.50647
311.45477,494.101222,658.080091,468.699721
325.817219,330.583391,637.271993,497.447685
207.411862,395.695101,500.32037,521.968518
376.566485,365.753939,620.609658,736.438256
376.566481,495.731993,658.080089,777.2456
376.566485,493.26376,518.866629,372.59668
207.411859,432.326417,612.996621,639.738281
376.566486,514.100464,562.176699,454.586465
376.566488,330.583389,596.820495,727.605053
346.62532,483.561883,600.037207,512.069453
376.566483,494.101225,672.442538,621.554378
311.454771,495.731994,413.665359,750.459946
305.81798,373.991126,652.443302,615.354579
376.566486,514.100463,652.443302,718.31656
197.963827,495.731994,502.153021,720.616444
376.566488,424.642725,509.418598,635.563913
376.566485,499.738009,620.609657,572.275403
307.448751,499.738011,620.60966,679.809108
301.541856,514.100466,518.86663,737.571181
305.817978,432.326416,404.217327,621.856004
376.566485,497.438134,601.096613,756.4375
206.253499,217.092446,562.274369,555.529677
307.448749,499.738013,612.42927,652.394592
311.45477,448.988747,518.866632,774.945716
305.817981,499.738013,637.271987,677.208705
376.566487,395.695107,537.32357,575.107136
346.62532,482.502468,618.903521,656.400611
376.566488,424.983483,487.767103,626.960862
311.454772,534.908563,652.443302,733.295057
376.566485,489.825097,658.080088,630.290241
309.154888,482.367262,500.320366,732.162134
311.454771,379.668376,618.903522,756.437494
346.62532,495.731992,627.359075,738.144398
307.448745,379.217341,612.92597,646.95257
206.253499,379.217343,654.074071,667.760673
307.448752,499.738007,601.667977,626.115875
311.45477,489.825097,554.037182,726.454679
376.566482,499.738014,468.117365,751.669386
244.523745,495.731992,220.194334,556.452193
376.566483,499.738012,618.90352,795.61407
206.2535,467.496966,637.27199,656.400607
376.566485,329.425027,612.925968,795.614066
376.566485,514.100461,518.866632,519.448983
311.45477,432.326416,512.392387,528.547214
311.454769,495.731988,637.271989,517.275624
376.566484,534.908566,595.555215,791.60805
376.566484,330.583389,509.418595,673.202689
301.541853,495.731993,503.78181,521.968519
311.454768,469.796847,518.866634,656.40061
376.566483,514.100461,637.271988,638.032139
376.566489,534.908563,608.990608,677.208705
294.084019,495.731994,612.996624,639.738279
376.566489,424.983483,514.860609,656.400607
376.566488,499.738012,518.866624,683.146013
325.817219,495.731991,405.375687,671.571922
197.963828,499.738014,518.866633,514.80739
376.566487,312.037126,502.153021,519.44899
346.625321,439.102842,630.797744,521.281642
191.385133,210.513752,633.265966,342.678982
311.454771,495.731992,551.972492,557.440381
307.448749,499.73801,618.90352,639.687001
376.566488,495.731995,672.442541,719.424669
376.566481,534.908563,633.265968,511.833603
311.454768,330.58339,533.22908,638.032133
307.448752,330.583391,502.839901,683.146014
346.625319,395.695106,348.047728,774.777364
325.817221,312.037126,488.925466,655.094159
311.45477,494.101223,514.86061,771.268044
311.454771,330.583388,658.080088,609.835293
376.566484,499.738013,509.418596,638.579914
376.566486,395.695102,616.435287,719.42466
376.566488,499.738012,518.86663,667.760677
376.566484,329.425026,513.702251,528.547217
311.454767,534.908559,612.925969,563.717763
207.411863,514.100464,603.238911,398.928315
376.566484,534.908564,501.631088,625.862021
376.566485,534.908563,627.288413,765.075478
376.566486,330.583386,570.340963,628.584104
376.566481,432.326418,512.071478,508.063431
376.566484,499.738013,596.82049,632.395351
311.454771,499.73801,658.080089,490.182113
207.41186,394.536745,458.669332,638.032138
376.566485,495.73199,654.07407,732.162132
190.934101,499.738013,606.733409,658.662443
346.62532,379.668375,398.110115,568.632885
294.219225,495.731994,613.266731,736.438254
197.963828,330.583387,612.42927,719.202714
376.566484,395.695108,589.497863,616.413989
376.566485,469.796847,514.860614,681.439879
376.566486,499.738012,517.708271,655.242242
376.566485,395.695104,618.90352,758.143636
376.566486,482.367263,612.996626,521.281641
197.963827,499.738012,654.074068,556.560871
376.566485,534.908563,450.777245,604.318831
376.56649,432.326419,654.07407,436.01066
376.566486,495.731992,502.690497,732.162136
307.448752,499.73801,368.404798,771.338704
376.566485,497.438132,562.176698,521.968522
376.566484,493.26376,533.229081,732.091475
376.566485,424.642725,502.839903,639.687001
376.566484,495.731991,345.528195,513.812199
325.817222,395.695104,604.433523,532.830868
191.385133,495.731994,562.274368,708.66337
376.566484,494.101225,608.919944,719.202711
207.411864,499.738012,554.037179,511.36873
325.817219,448.988746,617.272751,677.208706
376.566484,514.100464,493.839881,754.137614
311.454771,330.583388,315.139014,639.738279
376.56649,534.908561,658.080085,735.600794
376.566489,432.326419,620.609657,660.495099
376.566484,483.561878,552.878818,528.547217
376.566483,493.263762,332.998399,625.301079
307.448749,335.497805,509.418594,564.642989
311.45477,499.738016,507.795356,656.400609
307.448752,495.731997,554.03718,515.442967
311.454771,424.983487,518.866635,758.143637
346.625318,495.731995,391.961382,726.525343
376.566485,514.100465,436.384166,730.53136
376.566483,225.38212,518.866631,756.437497
376.566488,499.73801,513.229845,768.968161
376.566488,395.6951,451.455034,496.94801
376.566483,408.537251,518.866635,791.608045
376.566485,330.583391,603.013049,735.600794
346.625321,495.731992,413.66536,630.290243
376.566485,493.263763,513.702252,469.425294
307.448751,386.247068,518.866629,638.579915
376.566489,514.100465,348.047729,652.394588
376.566488,499.738015,502.388871,673.202689
325.817222,330.583388,388.662082,621.318528
311.454768,495.731992,468.117368,756.437491
376.566481,489.825097,596.820495,652.394588
188.865599,330.583389,518.866629,636.873775
311.45477,534.90856,554.037182,638.032138
250.819598,514.100463,502.153024,639.738277
207.411862,395.695102,541.680769,528.547213
325.817219,225.382119,396.277459,572.007439
376.566484,386.247071,509.418599,622.005408
376.566484,497.438132,613.266733,672.675793
376.566488,495.73199,612.429271,593.083503
307.448751,495.731997,613.26673,736.438257
307.448746,217.092447,651.605843,639.73828
207.411862,493.263766,569.860395,765.075481
346.625319,489.825098,618.903515,675.144021
376.566485,217.092447,514.860608,351.204502
307.448753,497.438129,514.86061,536.836885
207.411861,495.731992,637.271989,750.459943
376.566487,499.738014,654.074069,656.400607
376.566488,395.695103,617.272751,638.032136
376.566486,489.825098,651.605843,628.584103
311.454769,394.536743,405.37569,632.395347
376.566483,514.100465,654.074065,673.20269
301.471197,534.90856,333.234245,536.330969
311.454771,388.353575,383.724196,774.945716
207.411863,494.101225,637.271988,513.99139
207.411861,432.806986,608.990604,551.199337
207.41186,514.100465,627.288414,636.401368
376.566486,469.796846,502.839902,754.137616
376.566487,484.159299,570.340966,600.349076
311.45477,395.695107,340.263974,638.032141
376.566488,514.100461,518.866629,725.898918
376.566488,499.738016,612.925966,618.671194
376.566485,225.382117,612.429272,638.032139
325.817219,363.689253,612.925966,677.208711
376.566486,514.100461,468.117366,767.332686
376.566482,330.583388,596.82049,759.874841
309.154889,499.738015,607.330824,668.669774
311.454768,330.583384,333.685273,624.703659
376.566487,499.738015,613.266729,619.165824
376.566489,514.100465,641.903952,588.989014
311.454771,321.135353,595.555215,351.655534
376.566483,499.738015,613.266734,509.536071
311.45477,534.908562,396.277463,691.21261
376.566485,499.738012,633.265971,677.208711
376.566483,499.738008,393.119746,771.338704
376.566486,424.14603,518.86663,777.245593
311.454771,495.731989,514.860614,563.717767
191.385132,495.731992,518.866633,771.608805
346.625319,534.908565,552.361454,557.13907
376.566488,495.731995,488.925467,406.632337
376.566484,489.8251,620.609658,660.495101
309.154889,210.513751,607.359835,492.027354
311.454768,395.695104,517.202354,739.775164
376.566488,499.738011,518.866629,720.518779
311.454771,499.738015,533.22908,636.401371
207.411861,495.731993,612.996625,725.687879
307.448747,482.367259,618.903516,778.951738
376.566485,534.908562,617.272745,770.771352
346.62532,432.326416,537.559418,619.485879
376.566483,469.796847,596.82049,618.67119
376.566489,330.583387,637.271986,673.202684
376.566485,497.438133,612.42927,532.830866
197.963828,330.583387,333.234246,667.760673
309.154889,499.738015,398.796993,622.60655
307.448752,424.983486,620.609662,656.400607
376.566487,483.561877,654.074069,376.927018
376.566486,499.738011,631.635202,638.032136
376.566486,514.100461,654.074072,774.945711
376.566487,395.695108,637.271988,775.614827
376.566484,499.738016,514.860615,416.767248
311.45477,330.583389,375.434522,342.914832
307.448752,329.425026,545.514371,739.775167
376.566487,395.695104,616.603636,619.086146
311.454769,499.738011,434.323308,778.951737
376.566485,495.731994,641.903959,619.485871
307.448752,424.14603,658.080085,708.663369
295.278638,495.731992,551.972494,342.91483
307.448747,495.731992,637.271988,446.422201
376.566487,499.738014,617.272747,616.413993
311.454767,499.738016,497.203115,536.836889
376.566483,395.695105,518.866628,631.236988
325.81722,482.502469,468.117364,486.08762
346.62532,483.561875,648.096514,414.247714
197.963827,499.738011,605.538792,536.836888
207.411861,448.988746,499.505684,761.069464
197.963828,489.75444,633.265968,608.189646
376.566484,534.908563,340.263975,659.973164
346.625321,499.738014,398.796995,527.388851
376.566489,330.583391,518.866629,774.945716
305.817978,514.100462,620.609661,681.439873
376.566485,386.247072,637.271991,725.898913
325.817219,499.738009,658.080087,639.73828
376.566484,483.561875,333.234246,395.534755
301.541853,439.10284,607.359838,632.054589
376.566485,495.731994,518.866633,667.760672
376.566488,363.689249,637.271989,720.262123
325.817221,365.753941,617.272748,423.345946
376.566483,330.583389,518.86663,408.026548
311.454772,210.51375,468.117368,727.605054
295.278638,420.707358,533.229086,733.797611
376.566485,494.101222,616.43529,588.989011
376.566484,494.101222,602.727386,638.03214
346.62532,217.092445,514.860609,736.438254
325.817219,483.561877,620.609661,396.221633
376.566488,469.796848,562.274366,739.775166
190.934101,483.561881,496.314347,726.896634
376.566487,489.75444,513.229844,659.973165
301.541856,448.988748,634.972108,526.196055
346.62532,499.738014,555.978514,758.143633
376.566487,347.207676,537.323571,726.184579
301.541856,314.105628,405.375689,527.38885
376.566486,420.707362,569.860395,795.614066
376.566485,469.796843,613.266727,771.268042
376.566487,495.731988,225.964474,536.836885
376.566485,514.100461,339.10561,778.951738
301.541853,330.583388,501.631087,512.069452
346.62532,395.695107,435.221998,736.438255
376.566483,483.561881,617.272754,519.448985
376.566487,499.738015,396.277459,638.032139
376.566486,534.908563,601.667976,393.702097
376.566488,217.092445,633.265973,624.802613
376.566489,499.738012,518.866635,573.442854
346.625319,364.595576,610.626088,563.717767
376.566484,217.092447,391.961382,336.336135
376.566484,534.908562,672.442541,638.032134
376.566481,534.908563,613.266731,636.873772
376.566484,330.583385,620.609662,622.677211
376.566486,534.908566,627.359075,739.775162
325.817221,499.73801,612.996624,740.772887
207.411862,432.326418,552.878821,725.687884
346.625318,499.738011,633.265966,538.592807
376.566482,489.825097,398.796991,604.769865
376.566484,448.988745,333.685279,756.437497
311.45477,330.583389,545.514371,703.856449
346.625319,217.092447,618.903519,690.412798
376.566489,424.983487,672.442537,528.547213
325.81722,395.695106,637.271988,639.738279
207.411864,499.738013,498.833884,622.60655
376.566485,514.100462,633.265969,726.410437
311.45477,514.100462,500.320367,750.459947
376.566487,497.438134,634.972111,722.404419
376.566487,395.695102,551.972495,497.277782
376.566488,499.738015,590.668494,765.701914
311.454772,482.502466,618.903521,747.83994
295.278634,499.738013,383.724196,669.26976
376.566488,514.100467,608.990608,520.660757
376.566486,448.988747,617.272751,777.245602
325.817219,424.983489,511.525102,517.962504
301.541857,330.583389,618.903518,516.331729
311.454771,495.731994,499.505685,771.608812
346.62532,495.731995,654.074067,733.30092
376.566485,312.037124,451.455033,533.81144
311.454771,495.731996,610.626087,503.422255
376.566488,483.561882,620.609658,671.571917
311.45477,394.536743,616.435287,516.353104
376.566483,494.101225,637.271992,669.269764
307.448749,330.583389,509.418597,756.437497
376.566485,534.90856,658.080091,716.610425
311.454772,499.738012,331.165744,752.506844
311.45477,499.738015,436.384162,758.143634
376.566485,395.695105,517.708268,734.13838
206.2535,499.738012,443.771343,758.143634
191.385132,534.908561,498.83388,542.909667
376.566485,330.583389,533.229077,736.438257
376.566484,432.326417,405.375691,536.836886
376.566487,499.738009,518.866633,511.31167
307.44875,534.908564,518.866628,754.80673
325.817218,499.738016,612.996627,677.208711
301.541856,432.326413,509.418596,660.730943
376.566484,499.738012,518.866633,761.069462
346.62532,499.738015,606.733404,638.032137
325.81722,499.738008,672.442542,521.968518
309.154888,328.23223,468.117366,454.556926
346.625319,482.502469,498.146998,652.394587
311.454768,483.561881,618.903517,739.775163
307.44875,432.326418,514.860613,730.531363
190.698253,395.695106,551.972497,756.437496
376.566488,489.8251,652.443302,728.160825
376.566486,497.438133,388.897925,402.80033
376.566487,495.731993,396.277461,638.032142
311.45477,329.425025,620.609658,778.951736
309.15489,395.695109,398.796997,423.345944
307.448747,469.796845,634.972107,571.101117
311.454771,412.813372,333.685278,631.236987
207.411861,514.100464,605.538787,733.797611
311.454768,495.731993,633.265972,630.290243
376.566484,424.983486,612.925966,642.946553
305.81798,514.10046,509.418595,791.608044
311.454769,534.908565,634.972106,517.962501
376.566484,495.731992,518.866633,660.730945
376.566485,499.738013,451.455034,756.437496
207.411862,499.738014,488.925465,656.400606
207.411863,432.326417,533.229084,761.355131
311.454769,328.468078,618.903518,652.394584
376.566484,483.561881,559.974486,630.290244
325.817222,489.8251,496.314351,778.951739
311.454771,495.731993,552.878818,677.208707
376.566485,494.101223,616.603636,621.318529
311.454768,497.438129,562.274371,725.898913
376.566483,495.731993,612.996624,795.614063
190.934101,514.100465,618.90352,527.388852
376.566483,420.707364,502.38887,351.655534
325.817221,489.825099,518.866631,469.42529
376.566484,499.738011,517.70827,656.400607
376.566484,534.908559,612.996621,630.966883
376.566488,395.695104,620.609663,736.438257
311.45477,495.731997,404.217328,775.614828
197.963827,499.73801,404.217328,623.711547
207.411862,329.425027,654.074073,697.508463
376.566485,499.738014,518.866631,572.75978
376.566484,499.73801,606.733409,620.796598
376.566486,225.38212,518.866631,777.245595
311.454771,344.945841,513.229841,638.032136
376.566488,330.58339,618.90352,638.579918
311.45477,495.731997,468.117367,528.547214
376.566487,514.100463,618.90352,556.688038
311.454769,489.8251,333.685275,511.833606
311.45477,495.731998,497.203114,639.73828
325.817222,225.382119,517.708268,736.438255
307.448746,217.092445,405.375691,621.856
311.454771,484.159297,496.314351,743.072767
376.566487,514.100464,654.074065,754.137614
311.454771,330.583388,616.603641,628.584101
325.817221,424.146026,637.27199,628.584103
376.566488,417.255546,470.379203,619.638234
207.411862,469.796849,601.667975,636.401368
295.278638,432.326418,562.274367,654.656425
376.566485,534.908565,517.708268,631.557888
191.385133,534.90856,608.990606,630.399526
376.566487,514.100458,533.22908,642.946558
376.566484,200.614685,333.685277,775.614829
376.566485,432.326414,608.99061,527.388855
325.817221,432.326417,654.074068,670.734459
376.566485,448.988748,618.90352,609.797112
311.454772,329.425026,610.696746,725.898913
307.448749,495.731992,589.497862,661.032575
376.566484,499.738013,606.733408,391.312935
311.454771,499.738008,558.268347,656.400609
376.566487,330.583391,508.95372,762.775599
206.2535,225.382118,620.609662,552.606155
376.566485,499.738014,631.635199,778.951735
295.278634,497.438134,513.229845,656.400611
376.566486,495.731995,404.217329,470.532374
305.817978,499.738014,637.271989,655.242245
307.448747,448.988747,612.429271,733.797614
376.566486,395.695104,620.609657,718.316563
346.62532,514.100465,555.978516,619.485876
376.566487,514.100465,468.117367,638.032139
376.566487,483.561879,602.727386,638.032135
311.454771,499.738015,554.03718,482.128287
311.454771,495.73199,637.271989,575.107132
294.219225,446.688866,618.903519,720.616445
376.566487,489.75444,637.271987,758.143634
346.625321,394.536741,502.388872,636.401369
309.154889,395.695104,513.70225,749.963241
376.566486,499.738012,634.972111,739.775166
376.566487,469.796848,488.925466,581.30532
307.448752,489.8251,514.860608,625.862022
376.566488,484.159298,538.01045,616.413992
301.541856,469.796847,612.429264,515.644851
325.81722,495.731992,405.37569,754.80673
311.45477,534.908566,374.573481,542.909665
311.454771,217.092446,513.22984,639.687
376.566483,499.738013,485.153326,631.55789
309.15489,499.738012,613.266726,636.401367
311.454771,379.668377,518.866627,736.43826
207.411864,499.738013,630.797741,528.547216
376.566487,499.738009,518.866634,669.507234
376.566484,386.247071,404.217327,728.202471
307.44875,499.738012,655.780207,681.439876
376.566486,534.908562,518.866629,534.485727
376.566487,395.695103,509.418596,631.557886
307.448751,499.738011,502.839903,631.557885
325.817221,314.105628,618.903521,616.027855
376.566486,495.731994,331.165745,712.534185
325.81722,395.695101,637.27199,739.775162
346.625321,424.14603,488.925468,615.531157
376.566486,494.101223,612.42927,777.2456
376.566483,395.695103,654.07407,679.139992
376.566484,489.825096,637.271988,461.616191
376.566483,395.695106,466.959004,669.16647
376.566485,499.73801,602.72739,613.849082
307.448747,495.731993,442.612981,732.162134
311.454771,534.908561,613.266729,638.032134
325.817218,467.496967,383.724195,521.28164
376.566484,469.796848,616.435287,733.797611
376.566487,394.536741,620.609659,777.245597
325.81722,432.326417,500.320369,750.530603
325.817219,495.731989,472.211856,677.208707
376.566484,494.101223,514.860605,660.730948
307.448746,499.738014,435.457846,739.77517
207.411863,534.908565,434.741425,732.091475
376.566488,330.583386,620.609659,638.032142
376.566487,499.738009,509.418599,779.437936
376.566485,395.695104,617.272751,710.314573
207.411862,330.58339,610.626087,763.880869
376.566481,514.100463,514.86061,720.616448
307.44875,495.73199,333.685275,657.908478
376.56649,225.38212,398.345961,677.208707
376.566488,499.738012,518.86663,652.394592
311.45477,432.806988,606.451715,775.614826
376.566486,448.988749,612.996623,600.955058
346.625318,495.731992,618.90352,563.717767
307.448747,499.738015,551.972494,592.665384
376.566486,499.738014,558.268347,791.608046
206.2535,499.738009,605.673994,785.630492
301.541856,225.382119,600.037206,646.487696
325.817221,499.738014,559.974486,770.771349
376.566488,395.695106,616.603638,750.459941
325.81722,499.738012,654.074069,723.073526
376.566485,495.731989,654.074072,402.800327
376.566486,499.738015,323.786211,743.072767
188.865599,489.825099,613.266732,679.809106
376.566485,494.101225,545.514373,559.080402
376.566485,494.101226,518.866629,562.759057
376.566485,499.738015,612.996623,636.367863
376.566485,483.561881,518.866628,631.557887
376.566487,395.695103,502.153019,624.667407
325.817221,534.908559,637.271993,770.771345
325.81722,495.731996,532.333202,739.775164
305.817982,493.263766,518.86663,756.437497
376.566485,497.438131,633.265972,609.384264
325.81722,365.753939,618.90352,536.836891
376.566484,499.73801,544.589147,763.880868
311.454772,499.738011,502.388873,521.281638
207.411863,499.738011,605.53879,727.605049
301.541856,321.135354,620.609659,750.530601
376.566484,493.263762,517.70827,626.488452
376.566486,495.731989,613.266732,519.448981
376.566484,495.73199,658.080085,725.687881
311.454771,495.731991,443.771341,624.703661
376.566484,499.738011,552.878817,736.438256
376.566487,482.50247,654.074071,639.738272
376.566487,489.8251,618.903519,617.040423
206.253499,494.101221,323.78621,753.969269
376.566484,329.425025,514.860608,767.332684
376.566484,499.738014,533.229083,672.044322
295.278634,497.438133,612.996625,777.245598
376.566484,494.101222,218.584941,626.488459
376.566488,330.583387,620.609656,527.388851
244.523745,499.738013,616.603638,738.144396
307.448753,534.908563,533.229086,778.951733
376.566486,494.101224,477.492021,739.775172
376.566485,495.73199,617.272753,693.512494
376.566486,499.738011,517.708267,639.686999
376.566484,482.36726,620.036445,408.47758
376.566489,469.796848,517.708267,758.143638
301.541856,394.536741,658.08009,677.20871
309.15489,499.738009,637.271991,621.318532
376.566485,329.425026,479.477431,628.584108
307.448751,356.305904,613.26673,528.547214
376.566486,424.983486,652.443302,405.958043
311.454769,379.668373,613.266732,677.208705
325.817218,495.731991,613.266732,626.953336
376.566488,534.908566,658.080091,763.880869
376.566486,395.695104,618.90352,726.410435
376.566487,499.738012,618.903519,527.388853
325.81722,497.438132,613.26673,671.571918
307.448749,432.326418,533.229079,735.600798
376.566483,321.135354,366.336295,767.332684
301.471196,495.731991,618.903522,739.775166
376.566482,329.425027,413.66536,402.800328
307.44875,497.438134,618.903519,588.989014
207.411863,499.738011,617.272752,795.614069
376.566484,483.561881,518.866632,581.305319
311.454771,534.908564,604.433526,777.245591
376.566484,373.991126,502.388868,638.032136
207.411864,499.738009,582.984801,689.506469
311.454771,493.263762,481.223989,754.806725
207.411862,344.945839,502.388871,491.340474
307.448747,497.43813,518.866634,656.400605
346.62532,217.092445,618.903519,416.767248
311.454771,494.101225,368.855825,735.600798
376.566481,495.731995,620.609658,609.384264
304.980519,448.988747,618.903515,723.208735
376.566486,489.825097,612.996627,736.438253
311.45477,497.438133,533.229083,763.880866
191.385132,499.738015,658.080091,536.330969
307.448749,469.796848,620.609659,334.267628
376.566485,395.695108,532.070721,638.032134
309.154889,328.91911,637.271988,756.437492
376.566482,191.967487,508.953715,767.332686
191.385133,514.100462,554.037182,761.069465
376.566489,495.731993,637.271992,753.969267
307.448749,499.738011,672.442536,661.181976
376.566486,495.731995,608.990602,675.66117
346.62532,432.326417,608.990607,677.20871
376.566486,395.695105,604.433528,619.165825
376.566487,534.908562,658.080087,725.687887
294.084019,469.796846,533.22908,635.243005
376.566485,499.738009,612.996626,636.401364
376.566488,534.908565,654.074069,729.791591
376.566486,329.425025,508.953719,718.932609
311.45477,395.695105,514.860607,630.290241
325.81722,395.695107,612.925962,551.199335
197.963828,495.731993,596.82049,697.508461
346.62532,494.101221,502.690502,524.5412
376.566488,448.988745,620.609663,759.438696
376.566486,394.53674,627.359077,528.547216
301.541857,495.731992,637.271986,469.374013
305.817978,495.731991,405.375686,795.614069
376.566487,364.595577,616.435289,446.186354
207.411861,448.988747,654.074068,652.394585
325.817218,395.695106,404.217324,608.63875
301.471196,344.945841,602.727392,342.91483
207.411864,489.825101,348.553646,683.146011
376.566483,499.738012,618.90352,639.738278
376.566485,321.135354,443.77134,516.117261
188.865599,495.731995,333.685276,652.394586
376.566485,469.796849,627.359075,623.509044
311.454771,499.738013,589.497861,714.320592
190.934101,489.825097,616.435292,563.484628
311.454769,432.326418,518.866631,632.125246
376.566485,335.497805,652.443296,768.968164
376.566489,469.796846,618.903522,732.162136
376.566484,499.738012,569.860392,639.738282
376.566487,495.731988,562.27437,533.81144
376.566487,499.73801,518.866631,675.144022
376.566483,499.738012,613.266726,738.144393
376.566488,494.101221,654.074069,778.951733
376.566483,364.595577,655.780207,707.0326
376.566484,534.908562,513.229845,676.050346
311.45477,499.738014,505.412578,726.54564
307.448748,497.438134,614.972866,726.184583
376.566483,495.731989,466.959003,376.016879
307.448752,493.263763,613.266734,676.050347
376.566487,495.73199,607.330822,626.459444
376.566488,432.326416,672.442542,517.962501
376.566485,499.73801,614.97287,716.426866
206.253499,217.092447,618.903519,635.243007
376.566482,365.75394,620.609662,672.84414
346.625322,495.731993,398.796995,726.410432
311.45477,489.825102,348.553647,632.125246
376.566488,489.825098,451.935607,631.236983
376.566485,495.73199,502.690501,756.437497
376.566484,499.738012,618.903522,619.165826
376.566486,379.668373,533.229081,639.738276
376.566486,499.738014,612.996625,632.125244
376.566488,489.825101,613.266728,724.839501
376.566486,394.53674,620.609657,238.16459
376.566487,489.825099,600.037206,749.963247
207.411862,483.561877,488.925466,725.898912
307.448746,373.991126,613.266728,638.032134
346.62532,469.796848,652.443303,532.830864
376.566483,330.583389,452.090637,724.268146
376.566487,330.583389,618.903521,777.245597
376.566487,494.101223,509.418596,770.771348
301.471196,499.73801,468.117364,749.963249
346.62532,424.146025,654.074069,774.945719
311.454769,495.731992,500.472725,646.952575
307.448748,499.738014,509.418598,727.605047
325.817221,495.731994,654.07407,536.330972
376.566486,330.583389,348.553643,750.800711
376.566484,469.796845,620.609659,739.775165
346.625319,408.537251,503.287916,572.007439
311.454768,514.100465,549.504266,729.964004
325.81722,467.496965,616.603643,608.64068
311.45477,534.908561,658.080091,683.146018
311.454769,439.10284,518.866633,677.208711
376.566483,499.738013,617.27275,725.89891
376.566483,514.100464,613.266731,556.688036
311.454771,395.695107,512.392383,778.951737
376.566486,432.326415,612.429274,624.802614
311.45477,493.263767,333.685278,771.268041
307.448752,495.731988,612.429264,768.968162
325.81722,395.695106,672.442537,454.354422
376.566488,495.731991,633.265973,624.667411
376.566488,469.796848,538.242099,777.245591
197.963827,469.796847,672.442535,638.03214
207.411861,395.695102,654.074066,585.278208
346.625322,395.695103,526.643346,743.072768
311.454768,469.796848,614.135409,626.488458
376.566481,395.695104,618.903523,789.139818
376.566484,395.695105,612.996626,740.772886
376.566485,495.731995,451.455036,608.626481
376.566488,499.738008,658.080092,521.752063
376.566487,321.135355,545.514371,536.836886
207.411863,412.813376,640.844545,737.306936
346.62532,495.731991,612.429271,611.348561
376.566487,495.731993,376.641983,778.951734
311.45477,365.753938,654.07407,628.584106
376.566484,225.38212,518.86663,652.39459
307.44875,407.477838,618.903521,639.738276
376.566481,495.731992,512.392385,615.949111
376.566487,534.908561,627.359078,632.125246
376.566483,499.738015,518.866635,454.354421
376.566483,414.444142,613.266728,453.451927
311.45477,424.983486,500.320367,621.856011
206.2535,495.731994,612.996627,516.331727
304.980519,395.695106,514.860613,528.547218
376.566481,495.731995,617.272749,753.969266
311.454769,314.556658,323.78621,527.388851
207.411863,432.326417,501.631088,622.606549
301.541856,432.326416,607.359838,795.614065
305.817978,210.513751,502.388873,754.806725
294.084019,484.159297,518.866636,736.438257
376.566486,200.378836,672.442539,649.926359
325.817219,489.825096,618.903518,565.376258
311.45477,499.738011,576.636817,646.487694
311.454771,514.100462,559.974485,630.966884
305.817982,330.58339,613.266732,740.772886
307.44875,499.738015,613.266731,621.554374
376.566486,489.754438,569.860394,625.862025
376.566488,363.68925,509.418594,663.754651
311.45477,379.668376,600.037204,333.816601
207.411861,344.945841,618.903521,711.474772
376.566484,432.326416,637.271989,547.240003
376.566486,395.695103,443.771342,376.016878
376.566485,514.100464,654.07407,733.300914
295.278638,499.738016,617.272752,677.208704
376.566485,395.695106,333.685276,562.559405
376.566485,514.100463,468.117365,556.097449
325.817218,365.753939,608.990607,535.879941
309.154889,495.731992,404.217324,693.512492
376.566483,395.695109,613.266728,725.898912
311.454769,494.101225,613.26673,777.245601
376.566485,499.738015,612.925966,630.896221
376.566483,412.813372,605.53879,775.614825
325.81722,448.988748,604.433528,758.143634
376.566489,329.425026,601.096619,646.952573
311.45477,499.738014,614.972866,640.373877
376.566483,499.738014,518.86663,551.46182
307.448749,534.908563,545.514372,637.854345
376.566486,349.72721,620.036447,482.128288
307.44875,330.583387,617.272749,715.986003
191.385132,534.908559,468.117366,628.584103
311.454771,495.731988,633.26597,710.314569
309.154888,534.908563,533.229079,619.485874
207.411862,432.326416,607.359837,770.77135
311.454766,343.787477,617.272753,739.775167
325.817218,495.731989,518.866634,638.032136
376.566488,534.908562,637.271992,469.425292
311.454772,489.825101,546.098232,759.438694
376.566486,395.695105,435.457846,683.146015
376.566485,495.731991,654.074071,623.260515
376.566485,495.731993,606.733405,632.396748
207.411863,469.796848,398.796994,756.437495
346.625319,395.695104,500.320364,624.802614
207.411861,330.583389,509.418597,712.66939
325.817218,330.583388,618.903518,620.697639
376.566488,314.556658,405.375691,528.547215
376.566487,417.255547,518.866634,691.571156
206.2535,499.738012,398.796994,735.600796
376.566482,499.738012,502.839902,528.547215
325.81722,514.100464,498.147003,714.720722
376.566487,386.24707,641.903959,663.75465
346.625322,495.731994,618.903523,756.437496
207.411861,469.796846,608.990604,732.091469
311.45477,482.36726,620.60966,681.439875
376.566489,365.753941,340.263973,791.60805
376.566487,495.731995,530.919472,615.917587
376.566487,499.738013,658.080092,452.03739
346.625321,499.738014,658.08009,609.797114
197.963828,497.438132,618.903522,756.437498
244.523745,499.738011,570.340964,621.554374
376.566485,489.754438,613.266729,511.833607
376.566484,495.731993,509.418598,639.738277
309.154888,495.731989,502.8399,519.448982
191.385133,495.731991,637.271988,682.123127
376.566486,495.731988,472.447705,536.836889
376.566485,330.583389,514.860613,628.584098
206.253499,489.825094,468.117363,724.704297
311.454771,495.731991,618.903515,665.16045
346.625322,499.738015,508.953721,655.242248
311.454771,495.731995,633.265971,626.953334
346.62532,494.101221,654.074072,774.777366
311.45477,499.738014,654.074072,703.856447
197.963828,489.754439,398.345963,725.898909
311.454768,432.326416,514.860616,531.200099
309.154888,330.583391,517.708271,366.017985
311.454769,499.738011,516.751323,638.03214
325.817218,448.988749,518.866632,621.318529
376.566484,493.263762,501.532137,736.438257
